seller_id,seller_registration_dt,seller_first_sale_dt,seller_main_category,seller_region_cluster,seller_size_bucket,fulfillment_model,seller_manager_region,seller_onboarding_channel,seller_has_logo_flag
100001,2024-07-15,2024-08-16,Дом,Санкт-Петербург,micro,mixed,north,offline_event,1
100002,2025-12-15,2026-01-11,Спорт,Юг,medium,mixed,center,referral,1
100003,2025-03-06,2025-03-28,Обувь,Центр,small,FBO,east,partner,1
100004,2024-02-20,2024-04-04,Электроника,Урал,small,FBO,center,organic,1
100005,2024-03-12,2024-04-24,Детские товары,Урал,micro,FBO,south,organic,1
100006,2024-09-03,2024-09-09,Аксессуары,Юг,small,FBS,west,organic,1
100007,2023-10-02,2023-10-11,Дом,Урал,micro,mixed,west,partner,0
100008,2023-12-30,2024-01-20,Дом,Поволжье,micro,FBO,west,organic,1
100009,2025-09-21,2025-10-25,Обувь,Урал,micro,FBO,west,organic,0
100010,2025-12-21,2026-01-10,Аксессуары,Центр,micro,FBS,center,organic,1
100011,2025-03-24,2025-04-04,Одежда,Сибирь,small,FBS,center,referral,1
100012,2025-09-04,2025-09-21,Одежда,Сибирь,small,FBO,east,organic,0
100013,2023-11-08,2023-11-24,Красота,Урал,medium,FBS,south,partner,1
100014,2024-10-13,2024-12-15,Красота,Москва и МО,large,FBS,east,offline_event,1
100015,2024-12-25,2025-01-08,Аксессуары,Центр,small,FBS,center,organic,1
100016,2025-03-11,2025-03-25,Одежда,Поволжье,micro,mixed,north,organic,1
100017,2026-01-22,2026-03-06,Детские товары,Москва и МО,medium,FBS,south,offline_event,1
100018,2023-08-19,2023-10-21,Одежда,Центр,micro,FBS,east,referral,1
100019,2025-04-17,2025-04-21,Одежда,Юг,micro,mixed,south,organic,1
100020,2025-04-24,2025-05-16,Канцелярия,Поволжье,micro,FBS,south,ads,0
100021,2024-07-20,2024-08-14,Дом,Центр,large,mixed,center,organic,0
100022,2024-01-18,2024-02-19,Электроника,Поволжье,medium,FBS,east,ads,1
100023,2026-02-07,2026-03-10,Товары для животных,Сибирь,small,FBO,east,ads,1
100024,2024-09-14,2024-09-21,Дом,Урал,micro,mixed,south,referral,0
100025,2024-04-09,2024-05-10,Дом,Сибирь,micro,FBO,east,organic,0
100026,2025-03-13,2025-03-30,Электроника,Центр,small,FBS,center,referral,0
100027,2025-04-23,2025-06-17,Одежда,Дальний Восток,small,mixed,east,referral,1
100028,2025-04-08,2025-05-16,Товары для животных,Сибирь,micro,FBO,west,ads,1
100029,2023-10-05,2023-11-07,Товары для животных,Поволжье,micro,FBO,east,organic,0
100030,2024-08-22,2024-10-19,Спорт,Сибирь,micro,FBS,south,offline_event,1
100031,2023-12-06,2024-01-09,Дом,Юг,micro,FBO,center,organic,0
100032,2023-07-29,2023-09-01,Электроника,Москва и МО,micro,mixed,center,organic,1
100033,2025-08-14,2025-09-09,Электроника,Урал,micro,FBS,south,organic,1
100034,2026-02-04,2026-02-26,Красота,Москва и МО,small,FBS,center,ads,1
100035,2025-01-31,2025-02-23,Одежда,Москва и МО,medium,FBO,north,ads,1
100036,2025-06-07,2025-06-13,Канцелярия,Сибирь,micro,mixed,center,organic,0
100037,2026-01-11,2026-03-12,Спорт,Санкт-Петербург,micro,FBS,north,organic,0
100038,2024-06-11,2024-06-20,Дом,Поволжье,medium,mixed,west,organic,1
100039,2025-09-04,2025-09-23,Детские товары,Центр,micro,mixed,center,organic,1
100040,2025-10-13,2025-11-23,Спорт,Москва и МО,small,FBO,center,partner,0
100041,2024-05-19,2024-06-12,Канцелярия,Центр,micro,mixed,east,organic,1
100042,2024-02-21,2024-03-07,Красота,Поволжье,micro,FBO,east,referral,1
100043,2024-11-15,2025-01-02,Одежда,Юг,micro,FBO,center,partner,0
100044,2024-02-28,2024-03-27,Одежда,Центр,large,FBS,north,organic,1
100045,2025-02-10,2025-02-21,Одежда,Поволжье,medium,FBO,south,organic,1
100046,2026-01-13,2026-02-09,Аксессуары,Дальний Восток,micro,FBO,west,organic,1
100047,2025-01-26,2025-02-10,Дом,Сибирь,micro,FBS,west,referral,0
100048,2025-07-08,2025-07-14,Электроника,Поволжье,micro,FBS,north,offline_event,0
100049,2024-02-17,2024-03-16,Красота,Москва и МО,micro,mixed,south,referral,1
100050,2023-12-17,2023-12-23,Красота,Санкт-Петербург,small,FBS,west,offline_event,0
100051,2023-12-01,2023-12-13,Одежда,Москва и МО,micro,FBS,east,organic,1
100052,2025-01-02,2025-01-31,Электроника,Поволжье,micro,FBO,south,ads,1
100053,2026-02-23,2026-03-04,Обувь,Поволжье,medium,mixed,center,organic,0
100054,2024-02-02,2024-03-31,Одежда,Центр,micro,FBS,south,organic,0
100055,2023-07-25,2023-08-13,Одежда,Урал,small,FBS,center,organic,1
100056,2024-12-29,2025-02-08,Канцелярия,Юг,small,FBO,west,organic,1
100057,2024-02-11,2024-04-25,Электроника,Поволжье,small,mixed,east,organic,0
100058,2025-01-18,2025-02-16,Обувь,Центр,small,FBO,east,organic,1
100059,2024-07-22,2024-08-30,Одежда,Центр,small,FBS,center,organic,0
100060,2025-08-06,2025-09-11,Детские товары,Москва и МО,micro,FBS,north,referral,1
100061,2024-08-05,2024-09-22,Электроника,Урал,micro,FBO,south,referral,1
100062,2025-08-30,2025-09-13,Спорт,Поволжье,small,FBS,east,organic,1
100063,2026-02-26,2026-03-08,Одежда,Дальний Восток,small,FBO,north,organic,0
100064,2025-10-06,2025-12-11,Красота,Санкт-Петербург,micro,FBS,east,organic,1
100065,2024-05-05,2024-05-20,Детские товары,Дальний Восток,small,FBO,east,ads,1
100066,2024-05-28,2024-06-15,Одежда,Поволжье,micro,FBS,north,referral,1
100067,2026-01-23,2026-02-22,Одежда,Сибирь,micro,FBO,north,organic,1
100068,2026-01-26,2026-01-31,Красота,Поволжье,small,FBS,east,referral,0
100069,2024-08-03,2024-09-02,Товары для животных,Москва и МО,medium,FBS,center,ads,0
100070,2023-11-17,2023-12-15,Одежда,Москва и МО,micro,mixed,west,ads,1
100071,2024-10-05,2024-10-24,Одежда,Москва и МО,small,FBO,center,offline_event,0
100072,2024-07-11,2024-07-30,Дом,Сибирь,micro,FBO,west,organic,1
100073,2023-10-07,2023-10-19,Электроника,Урал,micro,mixed,north,offline_event,0
100074,2023-12-24,2024-01-04,Дом,Москва и МО,large,FBS,west,organic,0
100075,2026-03-03,2026-04-18,Одежда,Урал,micro,FBO,center,referral,1
100076,2025-10-23,2025-11-02,Одежда,Санкт-Петербург,large,mixed,north,organic,0
100077,2025-06-21,2025-07-25,Дом,Москва и МО,micro,FBO,west,ads,1
100078,2024-09-20,2024-10-21,Дом,Санкт-Петербург,small,FBS,north,organic,1
100079,2025-09-26,2025-10-03,Спорт,Санкт-Петербург,micro,FBO,center,ads,0
100080,2025-01-25,2025-02-11,Одежда,Центр,medium,mixed,north,organic,0
100081,2024-07-04,2024-07-13,Канцелярия,Поволжье,micro,mixed,west,partner,1
100082,2023-08-25,2023-10-16,Дом,Санкт-Петербург,micro,FBO,east,partner,1
100083,2025-11-25,2025-12-21,Товары для животных,Центр,small,FBS,east,partner,1
100084,2023-10-09,2023-11-01,Аксессуары,Поволжье,medium,FBS,center,partner,0
100085,2023-07-07,2023-08-13,Дом,Урал,small,mixed,south,partner,1
100086,2024-04-16,2024-05-25,Электроника,Центр,small,FBO,north,ads,0
100087,2024-03-16,2024-04-06,Детские товары,Сибирь,micro,FBS,south,ads,1
100088,2025-06-29,2025-07-14,Обувь,Санкт-Петербург,small,FBS,south,referral,1
100089,2023-10-28,2023-11-18,Аксессуары,Поволжье,micro,mixed,north,organic,1
100090,2024-10-08,2024-10-19,Красота,Поволжье,micro,FBS,center,referral,0
100091,2025-10-25,2025-11-10,Электроника,Москва и МО,small,mixed,south,organic,1
100092,2023-12-19,2023-12-27,Канцелярия,Урал,micro,mixed,west,partner,1
100093,2023-09-30,2023-10-12,Канцелярия,Юг,small,FBS,west,partner,1
100094,2024-03-08,2024-06-26,Электроника,Дальний Восток,large,FBS,west,organic,1
100095,2024-05-06,2024-08-07,Красота,Урал,micro,FBO,west,ads,1
100096,2024-01-18,2024-02-11,Спорт,Центр,micro,mixed,south,offline_event,1
100097,2024-01-16,2024-01-26,Электроника,Москва и МО,micro,FBO,south,organic,1
100098,2025-12-07,2025-12-17,Красота,Урал,small,FBO,south,organic,1
100099,2024-12-27,2025-01-18,Красота,Поволжье,micro,FBS,north,offline_event,1
100100,2024-03-11,2024-04-10,Обувь,Москва и МО,small,FBS,north,referral,0
100101,2024-01-11,2024-02-02,Красота,Урал,micro,FBO,south,organic,0
100102,2024-09-12,2024-09-27,Одежда,Санкт-Петербург,small,FBS,north,organic,0
100103,2023-07-12,2023-08-19,Детские товары,Москва и МО,small,FBO,east,organic,0
100104,2026-01-02,2026-01-20,Красота,Центр,medium,FBS,center,organic,0
100105,2024-10-10,2024-11-20,Красота,Москва и МО,small,FBS,north,organic,1
100106,2024-10-10,2024-11-04,Спорт,Сибирь,micro,FBS,west,organic,1
100107,2024-04-10,2024-06-12,Одежда,Поволжье,micro,FBO,west,ads,1
100108,2024-09-06,2024-10-12,Электроника,Урал,micro,FBO,west,organic,1
100109,2025-12-03,2025-12-14,Электроника,Урал,small,FBS,north,ads,1
100110,2025-01-25,2025-02-16,Красота,Центр,medium,FBS,south,partner,1
100111,2025-04-27,2025-05-19,Дом,Поволжье,micro,FBO,east,partner,1
100112,2025-03-27,2025-05-02,Одежда,Поволжье,micro,FBO,west,partner,1
100113,2024-06-07,2024-06-23,Одежда,Урал,medium,FBO,north,referral,1
100114,2025-05-12,2025-07-10,Красота,Москва и МО,micro,FBS,south,organic,1
100115,2025-12-03,2026-03-17,Одежда,Санкт-Петербург,small,FBS,east,organic,1
100116,2024-11-15,2024-12-31,Детские товары,Юг,medium,FBS,center,organic,0
100117,2024-02-27,2024-03-20,Электроника,Юг,medium,FBO,north,ads,1
100118,2025-01-01,2025-02-04,Одежда,Урал,large,FBO,east,partner,0
100119,2023-12-23,2023-12-31,Электроника,Юг,medium,FBO,center,referral,1
100120,2023-09-02,2023-10-11,Товары для животных,Москва и МО,micro,mixed,south,referral,1
100121,2025-01-21,2025-03-07,Одежда,Сибирь,micro,mixed,south,ads,1
100122,2024-08-06,2024-08-24,Спорт,Москва и МО,micro,FBO,south,ads,0
100123,2025-12-28,2026-02-12,Аксессуары,Сибирь,large,FBS,center,referral,1
100124,2023-08-11,2023-11-19,Одежда,Поволжье,small,FBO,north,organic,0
100125,2023-08-15,2023-08-30,Электроника,Поволжье,micro,FBO,south,organic,0
100126,2024-04-18,2024-05-10,Одежда,Юг,small,mixed,center,organic,1
100127,2024-05-08,2024-05-24,Одежда,Поволжье,micro,FBS,center,organic,0
100128,2025-06-06,2025-07-09,Одежда,Урал,micro,FBO,west,ads,1
100129,2026-03-06,2026-03-21,Электроника,Юг,small,FBS,east,organic,0
100130,2024-06-05,2024-07-03,Аксессуары,Центр,small,FBS,center,offline_event,0
100131,2023-09-23,2023-11-08,Электроника,Москва и МО,medium,mixed,east,ads,0
100132,2026-02-21,2026-03-09,Детские товары,Юг,small,FBO,west,organic,1
100133,2025-12-24,2026-01-13,Канцелярия,Юг,micro,FBS,west,partner,1
100134,2025-11-26,2025-12-07,Красота,Юг,micro,FBS,east,referral,0
100135,2024-01-17,2024-03-01,Красота,Центр,small,FBO,south,organic,0
100136,2025-12-18,2026-01-02,Канцелярия,Центр,micro,FBO,north,offline_event,1
100137,2025-02-23,2025-03-17,Одежда,Поволжье,micro,mixed,north,partner,1
100138,2025-04-11,2025-04-19,Дом,Поволжье,medium,FBO,center,organic,0
100139,2023-10-14,2023-11-27,Одежда,Москва и МО,small,FBS,center,ads,0
100140,2025-03-05,2025-03-09,Товары для животных,Санкт-Петербург,small,mixed,south,partner,0
100141,2026-03-05,2026-04-27,Одежда,Москва и МО,small,FBO,west,partner,1
100142,2024-02-29,2024-03-15,Дом,Центр,small,mixed,west,organic,1
100143,2023-12-16,2024-01-01,Обувь,Поволжье,large,FBS,south,organic,1
100144,2023-07-26,2023-09-22,Красота,Урал,small,FBS,center,organic,1
100145,2024-06-16,2024-09-02,Аксессуары,Центр,small,FBO,east,partner,1
100146,2023-11-19,2023-12-01,Товары для животных,Санкт-Петербург,small,FBO,south,referral,0
100147,2024-08-12,2024-09-23,Красота,Санкт-Петербург,micro,FBS,south,organic,0
100148,2024-09-09,2024-09-21,Электроника,Москва и МО,small,FBS,center,referral,0
100149,2025-07-08,2025-07-22,Канцелярия,Центр,large,mixed,west,partner,1
100150,2023-07-24,2023-09-09,Электроника,Урал,small,FBS,south,organic,1
100151,2024-10-14,2024-11-03,Одежда,Центр,micro,FBO,center,organic,1
100152,2024-05-05,2024-05-29,Дом,Санкт-Петербург,micro,FBO,center,offline_event,0
100153,2023-09-02,2023-09-09,Обувь,Москва и МО,small,FBO,south,organic,0
100154,2026-03-11,,Одежда,Москва и МО,micro,FBS,north,ads,1
100155,2025-07-28,2025-08-12,Электроника,Сибирь,large,FBO,south,organic,1
100156,2023-09-14,2023-10-28,Товары для животных,Поволжье,small,FBS,south,referral,0
100157,2024-11-10,2024-12-07,Товары для животных,Центр,micro,FBO,center,organic,1
100158,2024-11-19,2024-12-05,Товары для животных,Центр,micro,FBO,north,partner,1
100159,2025-02-26,2025-03-17,Красота,Поволжье,micro,FBS,west,partner,1
100160,2024-06-30,2024-07-27,Товары для животных,Москва и МО,micro,FBO,north,offline_event,1
100161,2025-07-01,2025-08-13,Товары для животных,Санкт-Петербург,small,FBS,south,partner,1
100162,2024-12-05,2025-01-14,Красота,Центр,micro,FBO,east,partner,0
100163,2024-09-19,2024-10-10,Красота,Дальний Восток,micro,FBS,north,referral,1
100164,2025-07-21,2025-08-06,Электроника,Центр,micro,FBO,west,organic,0
100165,2024-03-31,2024-04-30,Красота,Центр,medium,FBO,center,organic,1
100166,2026-01-20,2026-02-12,Одежда,Центр,small,FBS,north,organic,1
100167,2025-09-17,2025-11-01,Дом,Санкт-Петербург,micro,FBS,center,organic,1
100168,2025-04-29,2025-05-31,Электроника,Поволжье,micro,FBS,center,organic,1
100169,2023-12-16,2023-12-23,Обувь,Урал,small,mixed,south,organic,1
100170,2025-07-01,2025-08-01,Одежда,Урал,micro,FBO,south,organic,1
100171,2025-06-25,2025-07-03,Товары для животных,Санкт-Петербург,small,FBS,south,organic,1
100172,2025-09-22,2025-11-05,Одежда,Центр,micro,FBO,center,offline_event,1
100173,2024-01-24,2024-03-14,Спорт,Поволжье,small,FBS,south,ads,0
100174,2023-07-23,2023-07-30,Дом,Санкт-Петербург,micro,FBS,south,partner,1
100175,2025-12-16,2026-01-26,Одежда,Москва и МО,micro,FBS,north,ads,1
100176,2024-02-19,2024-03-07,Красота,Центр,micro,FBS,east,offline_event,1
100177,2024-03-08,2024-03-22,Спорт,Санкт-Петербург,micro,FBO,center,organic,1
100178,2023-10-15,2023-11-01,Электроника,Центр,micro,FBO,center,ads,1
100179,2023-08-12,2023-09-09,Одежда,Центр,small,FBO,west,partner,1
100180,2024-08-19,2024-09-05,Канцелярия,Поволжье,micro,FBS,east,offline_event,0
100181,2023-08-05,2023-09-14,Аксессуары,Центр,small,FBO,east,organic,1
100182,2023-10-20,2023-12-26,Одежда,Центр,medium,FBO,north,ads,1
100183,2025-05-13,2025-05-17,Красота,Москва и МО,micro,FBS,south,offline_event,1
100184,2023-10-28,2023-11-06,Детские товары,Юг,large,mixed,east,organic,1
100185,2025-04-12,2025-04-30,Товары для животных,Москва и МО,micro,FBO,center,referral,1
100186,2023-12-14,2024-01-27,Спорт,Дальний Восток,small,FBO,center,ads,1
100187,2024-09-12,2024-10-01,Дом,Москва и МО,micro,FBS,center,ads,1
100188,2025-02-22,2025-03-12,Красота,Урал,micro,FBO,east,referral,0
100189,2025-04-23,2025-05-19,Спорт,Урал,micro,FBO,south,partner,1
100190,2025-03-11,2025-05-23,Дом,Юг,micro,FBO,center,organic,1
100191,2025-10-01,2025-10-29,Красота,Центр,large,FBO,south,partner,1
100192,2024-08-16,2024-10-12,Детские товары,Центр,small,FBO,center,organic,1
100193,2023-07-04,2023-07-31,Дом,Сибирь,medium,FBO,east,organic,1
100194,2025-06-29,2025-07-14,Аксессуары,Центр,small,FBS,east,partner,1
100195,2024-10-16,2024-10-21,Одежда,Москва и МО,micro,mixed,center,organic,1
100196,2023-10-24,2023-11-02,Красота,Москва и МО,micro,FBS,center,organic,1
100197,2025-03-17,2025-03-27,Одежда,Юг,large,FBO,center,partner,1
100198,2025-02-22,2025-03-22,Одежда,Юг,micro,FBO,south,referral,1
100199,2025-08-28,2025-09-06,Обувь,Центр,small,FBO,west,referral,0
100200,2024-09-13,2024-10-17,Обувь,Юг,large,FBS,south,organic,1
100201,2025-08-25,2025-09-24,Одежда,Москва и МО,micro,FBO,center,referral,0
100202,2024-10-18,2024-11-15,Одежда,Москва и МО,medium,FBO,east,partner,1
100203,2024-12-27,2025-02-20,Детские товары,Сибирь,micro,FBO,north,organic,0
100204,2024-07-20,2024-08-22,Дом,Санкт-Петербург,small,FBS,center,ads,1
100205,2025-08-11,2025-08-30,Детские товары,Дальний Восток,medium,FBS,east,organic,1
100206,2024-07-24,2024-08-09,Одежда,Санкт-Петербург,micro,FBS,west,partner,1
100207,2025-10-05,2025-12-16,Одежда,Центр,small,FBO,east,referral,1
100208,2024-10-19,2024-12-01,Красота,Москва и МО,small,mixed,north,ads,1
100209,2024-06-25,2024-07-08,Товары для животных,Центр,micro,FBS,north,ads,1
100210,2025-12-14,2025-12-19,Дом,Санкт-Петербург,micro,FBO,center,organic,1
100211,2025-05-03,2025-05-29,Аксессуары,Санкт-Петербург,small,FBS,north,referral,0
100212,2024-11-08,2024-12-06,Электроника,Санкт-Петербург,micro,FBS,center,offline_event,1
100213,2024-02-27,2024-03-26,Аксессуары,Поволжье,small,FBS,center,organic,1
100214,2024-03-19,2024-03-23,Товары для животных,Санкт-Петербург,micro,FBS,south,ads,1
100215,2024-05-09,2024-05-19,Детские товары,Поволжье,small,FBO,east,organic,0
100216,2023-09-29,2023-10-16,Обувь,Центр,large,FBS,center,partner,1
100217,2025-12-04,2025-12-24,Одежда,Москва и МО,small,FBS,west,organic,1
100218,2025-11-13,2025-12-11,Одежда,Санкт-Петербург,small,FBS,north,ads,1
100219,2025-11-24,2025-12-22,Обувь,Юг,small,FBO,east,ads,1
100220,2024-11-25,2024-12-27,Красота,Поволжье,micro,FBO,center,organic,1
100221,2024-07-03,2024-07-11,Детские товары,Поволжье,micro,FBS,west,partner,0
100222,2026-01-06,2026-01-21,Одежда,Дальний Восток,micro,FBS,center,organic,1
100223,2024-12-15,2024-12-27,Одежда,Юг,small,FBO,center,partner,1
100224,2025-05-26,2025-06-12,Электроника,Центр,micro,FBO,east,organic,1
100225,2024-10-24,2024-11-18,Дом,Юг,micro,FBS,north,organic,0
100226,2023-12-30,2024-01-16,Спорт,Москва и МО,small,FBO,south,organic,1
100227,2025-05-20,2025-06-03,Электроника,Центр,micro,FBO,west,organic,1
100228,2025-12-04,2026-01-12,Спорт,Москва и МО,micro,FBO,west,organic,0
100229,2024-11-18,2024-12-10,Одежда,Центр,micro,FBS,west,partner,1
100230,2026-02-03,2026-04-05,Дом,Центр,small,FBS,south,organic,0
100231,2025-03-01,2025-03-06,Электроника,Москва и МО,small,FBS,east,organic,1
100232,2025-11-01,2025-11-29,Детские товары,Поволжье,small,FBS,center,organic,1
100233,2024-01-25,2024-02-13,Аксессуары,Юг,micro,mixed,north,organic,1
100234,2023-10-20,2023-11-22,Одежда,Дальний Восток,small,FBO,north,offline_event,1
100235,2025-11-10,2025-11-13,Аксессуары,Центр,micro,FBS,south,referral,1
100236,2023-12-21,2024-01-04,Одежда,Сибирь,small,FBO,center,partner,1
100237,2023-12-02,2024-01-08,Канцелярия,Москва и МО,micro,FBS,east,organic,1
100238,2025-01-04,2025-02-03,Красота,Москва и МО,small,FBS,south,organic,1
100239,2025-04-18,2025-06-06,Одежда,Юг,medium,FBO,east,organic,0
100240,2025-07-31,2025-08-14,Одежда,Москва и МО,small,FBO,north,referral,1
100241,2025-09-17,2025-09-25,Детские товары,Дальний Восток,small,FBO,center,partner,0
100242,2023-11-13,2024-02-05,Красота,Сибирь,large,mixed,east,organic,0
100243,2025-04-05,2025-04-24,Аксессуары,Центр,small,FBS,center,referral,1
100244,2025-11-12,2025-12-15,Дом,Центр,small,FBO,west,referral,0
100245,2024-05-16,2024-06-21,Детские товары,Центр,micro,FBS,center,ads,1
100246,2025-02-25,2025-03-18,Одежда,Юг,micro,FBS,south,organic,0
100247,2025-09-03,2025-09-21,Детские товары,Поволжье,small,FBO,north,partner,0
100248,2025-02-20,2025-03-27,Аксессуары,Центр,small,FBO,center,ads,0
100249,2025-04-08,2025-04-23,Обувь,Москва и МО,micro,FBO,center,partner,1
100250,2024-11-18,2024-12-30,Одежда,Урал,micro,FBO,center,organic,1
100251,2024-11-07,2024-11-23,Обувь,Москва и МО,small,FBS,center,organic,1
100252,2024-12-14,2025-03-07,Дом,Санкт-Петербург,small,FBO,west,referral,1
100253,2024-04-04,2024-04-27,Красота,Урал,small,FBO,north,offline_event,1
100254,2023-12-14,2023-12-24,Дом,Сибирь,micro,FBS,east,partner,1
100255,2025-11-05,2025-12-14,Одежда,Москва и МО,micro,mixed,center,organic,1
100256,2025-03-05,2025-04-02,Красота,Москва и МО,small,FBS,center,offline_event,1
100257,2025-05-28,2025-06-04,Детские товары,Поволжье,small,FBS,east,ads,1
100258,2025-02-14,2025-03-16,Обувь,Центр,micro,FBO,center,ads,1
100259,2024-11-02,2024-12-01,Канцелярия,Центр,micro,FBS,center,ads,1
100260,2024-07-11,2024-08-07,Одежда,Поволжье,micro,FBS,center,organic,1
100261,2024-09-20,2024-10-29,Товары для животных,Поволжье,small,FBO,west,organic,1
100262,2026-03-13,2026-03-22,Дом,Москва и МО,micro,FBO,north,partner,0
100263,2025-07-12,2025-09-07,Красота,Санкт-Петербург,micro,FBO,north,organic,1
100264,2024-10-21,2024-11-18,Дом,Москва и МО,medium,FBO,center,organic,1
100265,2023-12-02,2023-12-22,Одежда,Юг,micro,FBS,south,partner,1
100266,2023-10-04,2023-12-29,Аксессуары,Поволжье,micro,FBO,east,referral,1
100267,2025-03-31,2025-04-21,Товары для животных,Москва и МО,micro,FBS,center,organic,1
100268,2023-10-17,2023-11-27,Спорт,Москва и МО,small,mixed,south,organic,0
100269,2024-08-27,2024-08-30,Обувь,Урал,micro,mixed,south,partner,1
100270,2024-12-24,2024-12-30,Электроника,Санкт-Петербург,small,FBO,center,organic,1
100271,2023-07-05,2023-07-08,Товары для животных,Урал,micro,FBO,east,organic,0
100272,2024-04-21,2024-07-15,Одежда,Москва и МО,small,FBS,east,organic,1
100273,2024-11-18,2024-11-20,Канцелярия,Поволжье,medium,mixed,north,partner,0
100274,2024-08-17,2024-08-26,Одежда,Урал,micro,mixed,east,partner,1
100275,2025-01-27,2025-03-07,Одежда,Поволжье,medium,FBS,center,organic,1
100276,2023-11-20,2023-12-19,Товары для животных,Санкт-Петербург,small,FBO,east,partner,1
100277,2025-07-02,2025-07-25,Электроника,Санкт-Петербург,micro,FBS,center,referral,1
100278,2023-10-05,2023-11-15,Одежда,Урал,small,FBO,south,ads,1
100279,2026-02-08,2026-02-14,Обувь,Юг,medium,mixed,center,organic,1
100280,2023-09-05,2023-10-01,Электроника,Москва и МО,micro,FBO,center,partner,1
100281,2026-01-12,2026-02-05,Детские товары,Поволжье,micro,FBS,north,offline_event,1
100282,2025-06-20,2025-06-29,Дом,Санкт-Петербург,micro,FBS,center,offline_event,0
100283,2024-02-18,2024-02-25,Обувь,Центр,small,FBO,north,referral,1
100284,2023-11-11,2023-11-25,Детские товары,Урал,micro,FBO,west,organic,0
100285,2024-02-08,2024-03-05,Канцелярия,Москва и МО,large,mixed,west,offline_event,0
100286,2025-04-03,2025-04-23,Детские товары,Сибирь,micro,FBS,east,organic,1
100287,2024-04-01,2024-04-13,Спорт,Санкт-Петербург,medium,FBS,center,ads,1
100288,2023-11-19,2023-12-01,Красота,Урал,small,FBS,center,organic,1
100289,2023-09-28,2023-10-06,Одежда,Урал,micro,FBS,east,referral,1
100290,2023-07-10,2023-08-23,Дом,Москва и МО,micro,FBO,center,referral,1
100291,2025-11-10,2025-11-19,Дом,Юг,small,FBO,west,referral,1
100292,2023-11-13,2023-11-21,Одежда,Центр,medium,FBO,west,referral,0
100293,2024-12-24,2025-01-04,Обувь,Поволжье,micro,FBO,south,organic,1
100294,2023-11-03,2024-01-01,Детские товары,Урал,micro,FBS,north,ads,1
100295,2024-03-16,2024-04-26,Спорт,Сибирь,micro,FBO,south,partner,1
100296,2025-09-05,2025-09-17,Аксессуары,Поволжье,micro,FBO,south,partner,0
100297,2023-08-08,2023-09-08,Одежда,Москва и МО,large,FBS,north,organic,0
100298,2024-08-24,2024-09-29,Красота,Сибирь,small,FBO,east,offline_event,1
100299,2025-06-08,2025-07-10,Одежда,Центр,small,FBS,center,organic,1
100300,2024-11-27,2025-02-05,Одежда,Сибирь,large,FBO,north,ads,0
100301,2023-07-19,2023-08-16,Аксессуары,Урал,micro,FBS,west,organic,1
100302,2025-08-26,2025-10-16,Одежда,Москва и МО,large,FBS,east,ads,0
100303,2024-01-31,2024-02-18,Красота,Центр,medium,FBO,west,organic,1
100304,2024-09-10,2024-09-27,Дом,Центр,micro,FBS,north,partner,1
100305,2023-10-16,2023-11-04,Одежда,Центр,medium,FBO,east,organic,1
100306,2024-10-28,2024-11-17,Дом,Центр,small,FBO,center,ads,1
100307,2023-09-16,2023-10-15,Канцелярия,Сибирь,medium,FBO,east,organic,0
100308,2026-03-05,2026-03-27,Аксессуары,Центр,micro,FBO,north,organic,1
100309,2024-09-29,2024-10-23,Красота,Центр,micro,FBS,west,organic,1
100310,2024-06-07,2024-07-22,Аксессуары,Урал,small,FBO,east,offline_event,0
100311,2024-10-04,2024-10-19,Электроника,Поволжье,small,FBS,east,organic,1
100312,2023-07-26,2023-08-21,Спорт,Урал,small,mixed,center,offline_event,1
100313,2023-07-19,2023-08-15,Спорт,Центр,small,FBO,east,partner,1
100314,2023-09-24,2023-10-03,Аксессуары,Юг,micro,FBS,east,organic,1
100315,2025-11-12,2025-11-21,Одежда,Урал,medium,FBO,south,organic,0
100316,2025-09-26,2025-10-05,Спорт,Санкт-Петербург,micro,FBS,south,organic,1
100317,2024-03-11,2024-04-11,Детские товары,Юг,small,FBO,center,organic,1
100318,2023-08-07,2023-08-17,Аксессуары,Поволжье,micro,FBO,east,ads,1
100319,2024-02-27,2024-04-02,Обувь,Сибирь,micro,FBO,east,ads,1
100320,2025-12-24,2026-01-05,Товары для животных,Москва и МО,micro,FBO,north,referral,1
100321,2023-10-08,2023-11-01,Спорт,Сибирь,small,FBO,center,partner,1
100322,2025-01-22,2025-02-18,Обувь,Урал,large,FBS,center,ads,1
100323,2025-04-07,2025-04-29,Дом,Дальний Восток,micro,FBO,south,organic,0
100324,2023-07-13,2023-08-01,Красота,Дальний Восток,medium,FBS,east,ads,1
100325,2023-10-07,2023-10-23,Дом,Юг,medium,FBO,center,referral,1
100326,2024-01-29,2024-02-26,Товары для животных,Поволжье,small,FBS,south,partner,1
100327,2024-11-08,2024-11-25,Детские товары,Урал,small,FBS,south,organic,1
100328,2026-01-03,2026-02-02,Дом,Дальний Восток,small,FBO,north,offline_event,0
100329,2023-08-31,2023-12-09,Дом,Дальний Восток,micro,FBO,north,ads,0
100330,2023-12-21,2024-01-03,Электроника,Москва и МО,medium,mixed,north,ads,0
100331,2025-08-16,2025-09-03,Одежда,Урал,micro,FBS,center,referral,0
100332,2024-08-23,2024-08-28,Одежда,Санкт-Петербург,medium,mixed,east,offline_event,0
100333,2024-03-28,2024-04-11,Красота,Сибирь,micro,FBS,north,organic,0
100334,2025-09-28,2025-10-30,Детские товары,Москва и МО,small,FBS,center,offline_event,1
100335,2025-05-20,2025-05-24,Одежда,Поволжье,medium,FBO,east,partner,1
100336,2023-09-30,2023-11-11,Одежда,Москва и МО,micro,FBO,south,ads,1
100337,2024-01-13,2024-02-09,Одежда,Юг,micro,mixed,north,organic,1
100338,2024-08-12,2024-09-21,Красота,Поволжье,micro,FBO,north,organic,1
100339,2025-11-30,2026-01-07,Детские товары,Юг,medium,mixed,north,organic,1
100340,2025-08-18,2025-10-19,Канцелярия,Урал,small,mixed,center,organic,1
100341,2024-05-31,2024-08-16,Канцелярия,Поволжье,micro,FBO,west,organic,1
100342,2023-12-23,2024-02-11,Красота,Москва и МО,micro,mixed,north,partner,1
100343,2025-03-07,2025-03-19,Красота,Центр,medium,mixed,north,organic,1
100344,2023-10-02,2023-10-14,Одежда,Центр,small,FBO,south,organic,0
100345,2025-10-28,2025-11-16,Канцелярия,Сибирь,small,FBO,north,organic,1
100346,2024-05-18,2024-06-21,Аксессуары,Сибирь,micro,FBS,center,partner,0
100347,2023-08-16,2023-09-20,Одежда,Дальний Восток,medium,FBS,west,offline_event,1
100348,2023-11-08,2023-12-18,Детские товары,Поволжье,small,FBO,west,organic,1
100349,2025-09-21,2025-10-11,Аксессуары,Центр,micro,FBS,west,organic,1
100350,2024-04-02,2024-06-03,Красота,Сибирь,micro,FBO,center,referral,1
100351,2024-05-22,2024-06-07,Электроника,Юг,micro,mixed,east,organic,1
100352,2024-01-25,2024-02-08,Одежда,Центр,micro,FBS,center,referral,1
100353,2025-12-03,2025-12-13,Детские товары,Урал,medium,FBO,center,partner,1
100354,2026-02-15,2026-03-12,Канцелярия,Москва и МО,micro,mixed,center,referral,1
100355,2023-09-26,2024-01-02,Одежда,Сибирь,small,FBO,east,ads,1
100356,2024-10-06,2024-11-04,Дом,Урал,micro,FBO,south,partner,1
100357,2026-01-24,2026-02-07,Электроника,Москва и МО,micro,FBO,center,offline_event,1
100358,2025-10-23,2025-10-31,Спорт,Центр,small,mixed,center,partner,0
100359,2025-06-10,2025-06-25,Электроника,Сибирь,micro,FBS,center,ads,1
100360,2025-05-13,2025-06-12,Обувь,Урал,micro,FBO,west,partner,1
100361,2024-06-28,2024-09-18,Обувь,Москва и МО,micro,FBS,center,offline_event,1
100362,2025-03-25,2025-05-21,Дом,Поволжье,small,FBS,south,referral,1
100363,2024-11-20,2024-11-25,Дом,Юг,micro,FBO,east,organic,0
100364,2024-11-03,2024-11-22,Электроника,Москва и МО,small,FBO,center,partner,0
100365,2024-12-29,2025-01-18,Одежда,Юг,small,FBO,north,organic,0
100366,2023-08-11,2023-08-18,Спорт,Санкт-Петербург,small,mixed,south,partner,1
100367,2024-07-20,2024-08-13,Детские товары,Сибирь,small,FBO,center,organic,1
100368,2026-01-31,2026-03-15,Красота,Юг,micro,FBS,south,referral,1
100369,2024-11-30,2025-02-08,Электроника,Центр,small,FBO,north,ads,0
100370,2024-12-09,2025-01-07,Канцелярия,Урал,medium,FBO,north,referral,1
100371,2025-07-23,2025-08-09,Электроника,Юг,micro,FBS,center,ads,1
100372,2025-05-06,2025-06-24,Обувь,Санкт-Петербург,micro,FBO,center,ads,0
100373,2025-04-24,2025-05-16,Электроника,Москва и МО,micro,FBO,center,referral,1
100374,2024-12-29,2025-01-10,Дом,Поволжье,small,mixed,west,partner,1
100375,2025-04-13,2025-05-04,Дом,Москва и МО,micro,FBO,north,partner,1
100376,2024-07-07,2024-07-11,Дом,Юг,small,FBS,south,organic,1
100377,2025-08-19,2025-09-21,Аксессуары,Сибирь,micro,FBO,south,partner,1
100378,2025-05-26,2025-06-14,Одежда,Урал,medium,FBS,west,referral,1
100379,2026-01-15,2026-03-15,Обувь,Москва и МО,small,mixed,south,ads,0
100380,2025-04-05,2025-04-30,Товары для животных,Москва и МО,micro,FBO,west,ads,0
100381,2024-01-31,2024-03-07,Детские товары,Москва и МО,micro,FBO,north,organic,1
100382,2023-12-27,2024-01-20,Одежда,Центр,micro,mixed,south,partner,1
100383,2025-03-25,2025-05-29,Детские товары,Юг,medium,FBS,west,offline_event,0
100384,2023-09-15,2023-10-07,Обувь,Москва и МО,medium,FBS,east,referral,1
100385,2025-12-19,2026-02-28,Электроника,Санкт-Петербург,medium,FBS,south,referral,1
100386,2023-08-24,2023-10-13,Красота,Поволжье,small,FBO,south,organic,1
100387,2025-02-07,2025-03-11,Одежда,Центр,micro,FBO,center,referral,1
100388,2024-09-15,2024-10-23,Красота,Москва и МО,medium,mixed,north,partner,1
100389,2025-02-12,2025-03-03,Красота,Сибирь,small,mixed,center,ads,1
100390,2026-02-16,2026-03-03,Одежда,Дальний Восток,micro,FBS,south,partner,0
100391,2024-05-11,2024-06-28,Аксессуары,Центр,micro,FBS,center,offline_event,1
100392,2025-03-20,2025-04-09,Красота,Москва и МО,small,FBO,north,referral,0
100393,2024-03-01,2024-03-06,Спорт,Урал,small,FBS,east,ads,0
100394,2025-06-19,2025-07-15,Красота,Центр,small,FBO,south,referral,1
100395,2025-09-19,2025-10-11,Красота,Центр,micro,FBO,south,organic,1
100396,2025-05-21,2025-06-08,Красота,Москва и МО,small,FBS,center,ads,0
100397,2025-03-22,2025-04-04,Красота,Урал,micro,FBS,north,referral,1
100398,2024-06-03,2024-08-01,Аксессуары,Сибирь,micro,mixed,west,organic,1
100399,2024-09-30,2024-10-20,Дом,Урал,micro,FBS,south,partner,1
100400,2024-02-13,2024-04-12,Аксессуары,Центр,medium,FBO,east,partner,1
100401,2025-01-14,2025-02-07,Красота,Урал,large,FBO,east,organic,1
100402,2026-01-07,2026-01-21,Красота,Урал,micro,FBO,west,organic,1
100403,2025-05-07,2025-06-06,Обувь,Сибирь,medium,FBO,south,ads,0
100404,2023-08-23,2023-09-10,Дом,Москва и МО,medium,FBS,east,organic,0
100405,2025-09-16,2025-10-22,Одежда,Юг,large,FBO,west,organic,1
100406,2026-02-13,2026-02-23,Канцелярия,Дальний Восток,micro,FBO,south,organic,0
100407,2025-04-19,2025-06-05,Дом,Москва и МО,micro,FBO,center,referral,0
100408,2024-05-23,2024-05-29,Детские товары,Урал,micro,FBO,east,organic,1
100409,2025-04-24,2025-04-28,Красота,Санкт-Петербург,medium,mixed,west,partner,1
100410,2023-07-30,2023-08-19,Одежда,Поволжье,micro,FBS,center,partner,1
100411,2025-03-21,2025-06-30,Спорт,Дальний Восток,small,FBO,center,organic,1
100412,2023-10-02,2023-10-27,Обувь,Санкт-Петербург,large,FBS,south,organic,1
100413,2023-08-05,2023-09-22,Красота,Москва и МО,micro,FBO,west,offline_event,0
100414,2025-09-29,2025-10-08,Одежда,Поволжье,micro,FBS,south,organic,1
100415,2023-11-09,2024-02-02,Обувь,Москва и МО,medium,FBO,south,ads,1
100416,2025-07-05,2025-09-22,Одежда,Москва и МО,small,FBO,north,organic,1
100417,2024-04-02,2024-05-05,Аксессуары,Юг,small,FBO,west,organic,1
100418,2025-02-12,2025-03-06,Аксессуары,Поволжье,medium,FBS,south,organic,1
100419,2025-10-17,2025-11-20,Дом,Центр,small,FBO,center,ads,1
100420,2025-06-12,2025-07-19,Электроника,Сибирь,medium,FBS,east,ads,1
100421,2025-06-10,2025-07-11,Красота,Урал,micro,FBO,center,organic,0
100422,2025-12-24,2026-01-24,Одежда,Сибирь,micro,mixed,north,referral,0
100423,2024-12-02,2024-12-23,Канцелярия,Москва и МО,medium,FBO,south,referral,1
100424,2023-07-12,2023-08-21,Дом,Москва и МО,large,FBS,center,ads,0
100425,2023-12-13,2023-12-22,Канцелярия,Юг,medium,FBO,center,organic,0
100426,2024-01-30,2024-02-04,Одежда,Урал,micro,mixed,north,partner,1
100427,2023-10-22,2023-11-30,Дом,Юг,micro,FBO,center,referral,1
100428,2024-09-07,2024-10-24,Детские товары,Сибирь,micro,mixed,north,ads,1
100429,2025-02-22,2025-04-07,Одежда,Москва и МО,small,FBO,center,offline_event,0
100430,2025-12-05,2026-01-26,Детские товары,Москва и МО,micro,FBS,center,organic,1
100431,2025-05-04,2025-05-21,Товары для животных,Урал,micro,FBO,center,organic,1
100432,2024-03-30,2024-04-30,Электроника,Юг,micro,FBO,center,organic,1
100433,2025-08-16,2025-10-02,Красота,Санкт-Петербург,micro,FBO,west,offline_event,1
100434,2025-04-29,2025-07-06,Одежда,Юг,small,FBO,south,organic,1
100435,2024-08-30,2024-10-02,Обувь,Поволжье,small,mixed,north,organic,1
100436,2024-10-10,2024-12-01,Одежда,Дальний Восток,medium,FBS,center,organic,1
100437,2025-01-09,2025-02-25,Детские товары,Центр,small,FBS,center,partner,0
100438,2024-11-14,2024-12-15,Одежда,Москва и МО,micro,FBS,center,organic,1
100439,2024-04-03,2024-05-11,Одежда,Санкт-Петербург,small,FBO,north,ads,1
100440,2023-11-12,2023-11-21,Спорт,Москва и МО,micro,FBS,center,organic,1
100441,2024-09-03,2024-10-01,Аксессуары,Центр,micro,FBS,center,referral,0
100442,2025-04-28,2025-06-05,Дом,Москва и МО,small,FBS,center,partner,1
100443,2023-09-02,2023-09-07,Аксессуары,Урал,medium,FBS,east,organic,1
100444,2024-05-01,2024-06-10,Детские товары,Москва и МО,micro,FBO,east,ads,0
100445,2025-05-12,2025-06-23,Обувь,Урал,micro,FBS,center,ads,1
100446,2025-04-26,2025-05-21,Обувь,Урал,micro,mixed,west,organic,1
100447,2025-12-01,2025-12-28,Дом,Санкт-Петербург,micro,FBS,south,organic,1
100448,2023-12-10,2024-02-10,Обувь,Москва и МО,micro,FBO,center,organic,0
100449,2024-07-08,2024-07-20,Товары для животных,Урал,micro,FBS,center,referral,1
100450,2024-02-16,2024-03-05,Дом,Поволжье,small,FBS,south,organic,1
100451,2025-11-26,2025-12-09,Одежда,Санкт-Петербург,small,FBO,center,organic,1
100452,2024-09-18,2024-11-23,Обувь,Сибирь,small,FBO,center,offline_event,0
100453,2025-08-27,2025-10-05,Детские товары,Санкт-Петербург,large,FBS,east,organic,0
100454,2025-09-10,2025-09-15,Красота,Поволжье,micro,FBO,south,partner,1
100455,2023-07-10,2023-07-22,Обувь,Москва и МО,small,FBS,north,organic,1
100456,2024-04-10,2024-06-01,Аксессуары,Санкт-Петербург,small,FBS,center,partner,0
100457,2023-12-05,2023-12-18,Дом,Поволжье,micro,FBS,south,organic,0
100458,2024-04-02,2024-04-14,Одежда,Санкт-Петербург,medium,FBS,north,organic,1
100459,2024-04-07,2024-05-21,Одежда,Москва и МО,medium,FBS,south,partner,1
100460,2025-05-26,2025-07-06,Электроника,Москва и МО,small,FBS,center,organic,0
100461,2025-05-30,2025-06-11,Обувь,Москва и МО,small,FBS,west,organic,0
100462,2023-11-15,2023-12-10,Дом,Центр,micro,FBO,center,organic,0
100463,2023-10-16,2023-10-25,Одежда,Юг,micro,FBS,center,organic,0
100464,2026-02-07,2026-03-17,Одежда,Поволжье,micro,FBO,south,ads,0
100465,2023-10-16,2023-12-10,Обувь,Сибирь,micro,FBO,south,organic,1
100466,2023-08-21,2023-09-08,Одежда,Поволжье,small,mixed,south,organic,1
100467,2024-06-26,2024-08-05,Красота,Москва и МО,medium,FBO,center,organic,1
100468,2024-05-04,2024-06-11,Электроника,Поволжье,small,FBS,west,ads,1
100469,2025-11-14,2025-12-04,Обувь,Поволжье,micro,FBO,center,referral,1
100470,2025-03-14,2025-04-26,Детские товары,Юг,large,FBO,east,referral,1
100471,2025-05-13,2025-05-16,Красота,Санкт-Петербург,micro,FBO,east,offline_event,1
100472,2026-01-24,2026-02-22,Канцелярия,Урал,micro,FBS,south,referral,0
100473,2025-03-03,2025-03-16,Одежда,Юг,medium,FBO,south,organic,0
100474,2024-08-26,2024-09-20,Электроника,Юг,medium,mixed,east,referral,1
100475,2025-11-16,2025-12-28,Дом,Центр,micro,mixed,center,organic,1
100476,2024-06-29,2024-08-02,Электроника,Поволжье,small,FBO,center,partner,0
100477,2023-07-28,2023-08-12,Детские товары,Центр,micro,FBO,north,offline_event,1
100478,2024-10-01,2024-10-22,Аксессуары,Центр,micro,FBO,north,ads,1
100479,2023-11-10,2023-11-18,Канцелярия,Сибирь,micro,FBS,center,offline_event,1
100480,2023-12-20,2024-01-03,Красота,Санкт-Петербург,micro,FBO,south,partner,1
100481,2024-08-27,2024-09-18,Одежда,Юг,small,FBS,south,organic,1
100482,2024-05-30,2024-07-04,Аксессуары,Юг,micro,FBS,north,partner,0
100483,2026-02-06,2026-02-25,Электроника,Поволжье,large,FBO,south,offline_event,0
100484,2025-06-08,2025-07-10,Спорт,Урал,medium,FBS,north,referral,1
100485,2025-01-09,2025-01-28,Детские товары,Москва и МО,micro,FBO,east,organic,1
100486,2024-07-05,2024-08-04,Канцелярия,Юг,medium,mixed,center,ads,1
100487,2024-01-09,2024-02-04,Спорт,Поволжье,medium,FBS,north,offline_event,1
100488,2025-12-27,2026-01-31,Одежда,Москва и МО,micro,FBS,west,referral,1
100489,2024-07-25,2024-08-17,Красота,Юг,small,FBS,center,partner,0
100490,2025-06-07,2025-06-13,Обувь,Юг,micro,FBO,west,ads,1
100491,2024-06-04,2024-06-21,Дом,Москва и МО,small,mixed,south,ads,0
100492,2023-10-22,2023-11-29,Детские товары,Сибирь,micro,FBS,west,ads,1
100493,2025-09-22,2025-10-10,Электроника,Санкт-Петербург,micro,FBS,center,partner,0
100494,2024-11-25,2024-12-01,Обувь,Центр,medium,FBO,west,offline_event,1
100495,2025-04-20,2025-06-27,Электроника,Москва и МО,medium,mixed,south,organic,1
100496,2024-06-08,2024-07-02,Дом,Дальний Восток,small,FBO,west,offline_event,0
100497,2024-02-06,2024-02-14,Товары для животных,Санкт-Петербург,small,FBS,north,organic,1
100498,2024-03-07,2024-04-03,Красота,Центр,micro,FBS,center,ads,0
100499,2023-08-17,2023-09-09,Красота,Центр,small,FBS,center,offline_event,1
100500,2025-03-12,2025-03-26,Канцелярия,Дальний Восток,small,FBO,east,ads,1
100501,2024-12-20,2025-01-06,Детские товары,Москва и МО,micro,mixed,center,ads,0
100502,2025-02-04,2025-02-20,Дом,Юг,micro,FBO,south,ads,1
100503,2025-06-14,2025-07-04,Товары для животных,Дальний Восток,micro,FBO,east,organic,1
100504,2023-12-04,2023-12-22,Красота,Центр,small,FBS,north,organic,1
100505,2024-12-27,2025-01-14,Дом,Сибирь,micro,FBS,center,partner,1
100506,2024-12-06,2024-12-25,Одежда,Сибирь,micro,FBS,south,organic,1
100507,2025-11-09,2025-12-10,Одежда,Центр,micro,FBO,east,partner,0
100508,2024-07-17,2024-07-23,Дом,Поволжье,micro,FBO,center,organic,0
100509,2024-06-23,2024-07-28,Дом,Санкт-Петербург,small,FBO,north,offline_event,0
100510,2024-05-22,2024-06-12,Одежда,Центр,medium,mixed,center,organic,0
100511,2024-08-05,2024-10-02,Электроника,Москва и МО,small,FBO,south,partner,1
100512,2025-01-05,2025-02-10,Обувь,Москва и МО,large,FBS,north,organic,1
100513,2024-10-27,2024-12-03,Детские товары,Москва и МО,small,FBO,west,offline_event,1
100514,2026-02-02,2026-03-01,Одежда,Центр,micro,mixed,east,organic,1
100515,2023-11-20,2023-12-24,Детские товары,Москва и МО,small,FBS,center,organic,1
100516,2024-11-17,2024-12-22,Дом,Сибирь,micro,FBO,south,ads,1
100517,2024-08-22,2024-10-17,Дом,Юг,small,FBS,south,organic,0
100518,2024-06-17,2024-07-25,Обувь,Урал,micro,mixed,center,ads,1
100519,2025-11-30,2026-02-09,Дом,Сибирь,micro,mixed,center,ads,1
100520,2025-07-04,2025-07-14,Электроника,Центр,micro,FBS,east,ads,0
100521,2024-04-20,2024-04-27,Одежда,Юг,micro,FBO,center,partner,1
100522,2025-08-07,2025-08-19,Одежда,Москва и МО,micro,FBO,south,ads,1
100523,2024-12-09,2024-12-31,Дом,Поволжье,micro,FBO,south,offline_event,0
100524,2025-11-25,2025-12-17,Одежда,Поволжье,small,FBO,south,ads,1
100525,2025-03-17,2025-04-16,Красота,Юг,medium,FBS,east,organic,1
100526,2023-12-10,2024-01-21,Красота,Центр,small,FBO,center,organic,1
100527,2025-05-13,2025-06-14,Одежда,Сибирь,small,FBO,center,ads,0
100528,2024-03-17,2024-04-22,Товары для животных,Сибирь,medium,FBO,west,organic,0
100529,2026-02-11,2026-02-21,Электроника,Центр,micro,FBS,south,ads,0
100530,2024-02-26,2024-03-24,Красота,Центр,small,FBO,south,organic,1
100531,2025-03-16,2025-04-13,Одежда,Урал,medium,FBO,south,partner,0
100532,2025-10-21,2025-11-10,Обувь,Центр,large,FBO,north,organic,1
100533,2025-09-14,2025-09-24,Одежда,Урал,micro,mixed,west,organic,1
100534,2024-05-11,2024-06-04,Красота,Санкт-Петербург,medium,FBS,north,partner,1
100535,2025-09-08,2025-10-01,Электроника,Москва и МО,small,FBS,south,organic,1
100536,2024-02-13,2024-03-13,Спорт,Юг,small,FBS,center,offline_event,1
100537,2025-11-19,2025-12-12,Одежда,Санкт-Петербург,micro,FBO,west,organic,0
100538,2024-10-15,2024-11-09,Детские товары,Сибирь,small,FBS,east,referral,0
100539,2024-09-05,2024-09-29,Одежда,Центр,micro,FBS,center,offline_event,1
100540,2024-03-23,2024-05-10,Обувь,Юг,large,FBS,north,organic,0
100541,2023-07-02,2023-07-11,Дом,Центр,micro,FBO,center,referral,1
100542,2023-11-25,2023-11-28,Обувь,Юг,small,FBS,east,organic,0
100543,2026-01-25,2026-02-15,Одежда,Москва и МО,micro,FBS,center,referral,1
100544,2026-03-17,,Товары для животных,Москва и МО,small,FBO,east,organic,1
100545,2023-11-17,2023-12-03,Детские товары,Санкт-Петербург,medium,FBS,center,organic,0
100546,2026-01-24,2026-01-27,Дом,Москва и МО,micro,FBO,center,partner,1
100547,2024-03-15,2024-04-03,Аксессуары,Урал,micro,FBO,center,organic,1
100548,2023-10-18,2023-10-29,Спорт,Дальний Восток,small,FBS,center,offline_event,1
100549,2026-02-14,2026-03-30,Красота,Москва и МО,micro,mixed,east,organic,1
100550,2026-02-04,2026-02-13,Красота,Москва и МО,micro,FBO,center,partner,1
100551,2025-08-15,2025-09-25,Электроника,Поволжье,micro,FBO,south,referral,0
100552,2025-04-26,2025-06-01,Дом,Сибирь,medium,mixed,center,ads,1
100553,2023-10-09,2023-11-07,Дом,Юг,micro,mixed,south,organic,1
100554,2026-01-15,2026-01-22,Аксессуары,Москва и МО,large,FBS,north,organic,1
100555,2023-12-15,2024-01-04,Электроника,Москва и МО,small,FBS,east,ads,1
100556,2025-11-11,2025-12-20,Дом,Москва и МО,micro,FBS,north,referral,1
100557,2024-04-06,2024-05-24,Электроника,Москва и МО,small,FBS,center,organic,0
100558,2024-11-05,2025-01-01,Товары для животных,Сибирь,small,FBO,west,organic,1
100559,2025-03-08,2025-03-15,Детские товары,Юг,micro,FBS,center,ads,1
100560,2025-04-18,2025-05-13,Дом,Сибирь,micro,FBS,center,organic,0
100561,2024-11-20,2024-12-26,Дом,Дальний Восток,micro,mixed,center,organic,0
100562,2025-12-10,2026-01-13,Канцелярия,Поволжье,micro,FBO,center,partner,0
100563,2024-09-22,2024-10-30,Одежда,Москва и МО,medium,FBO,center,partner,1
100564,2024-03-27,2024-04-01,Одежда,Сибирь,small,FBO,east,partner,0
100565,2025-08-13,2025-11-22,Красота,Поволжье,micro,FBO,west,organic,1
100566,2024-09-21,2024-11-02,Одежда,Юг,micro,mixed,center,partner,1
100567,2025-07-23,2025-08-01,Аксессуары,Москва и МО,small,FBS,north,offline_event,1
100568,2025-04-11,2025-05-11,Электроника,Центр,micro,FBO,center,partner,0
100569,2023-07-20,2023-08-17,Аксессуары,Сибирь,medium,FBS,center,organic,1
100570,2025-01-10,2025-01-21,Канцелярия,Москва и МО,small,FBO,west,partner,1
100571,2026-01-13,2026-01-24,Красота,Москва и МО,micro,FBO,north,ads,0
100572,2025-06-28,2025-08-07,Дом,Санкт-Петербург,medium,FBS,south,organic,1
100573,2025-11-14,2026-01-03,Спорт,Санкт-Петербург,micro,FBO,south,referral,0
100574,2025-06-05,2025-06-21,Красота,Поволжье,micro,mixed,north,referral,0
100575,2025-08-22,2025-09-17,Детские товары,Москва и МО,medium,FBO,east,organic,1
100576,2023-10-30,2023-11-07,Одежда,Сибирь,micro,FBS,west,referral,1
100577,2025-10-01,2025-11-03,Электроника,Юг,small,FBO,west,ads,1
100578,2024-11-23,2024-12-03,Красота,Юг,micro,mixed,east,partner,1
100579,2025-02-20,2025-03-08,Обувь,Москва и МО,micro,FBO,south,organic,0
100580,2025-01-25,2025-03-15,Обувь,Москва и МО,micro,FBO,center,partner,1
100581,2025-03-20,2025-05-16,Товары для животных,Центр,micro,FBS,north,partner,1
100582,2026-01-04,2026-02-04,Красота,Сибирь,micro,FBS,east,partner,1
100583,2023-08-07,2023-09-01,Красота,Поволжье,large,FBS,west,organic,1
100584,2025-02-01,2025-02-23,Одежда,Москва и МО,medium,mixed,east,organic,1
100585,2023-08-20,2023-10-06,Дом,Юг,large,FBO,east,ads,1
100586,2025-12-22,2025-12-29,Красота,Центр,micro,FBO,south,ads,0
100587,2025-02-23,2025-03-19,Аксессуары,Москва и МО,micro,FBO,north,ads,1
100588,2024-06-18,2024-07-20,Одежда,Санкт-Петербург,micro,FBO,east,referral,0
100589,2026-01-09,2026-01-17,Одежда,Юг,micro,FBS,north,ads,0
100590,2024-08-02,2024-08-29,Одежда,Москва и МО,micro,FBS,north,organic,0
100591,2025-12-03,2026-02-01,Товары для животных,Центр,medium,FBS,center,organic,1
100592,2025-09-30,2025-10-16,Аксессуары,Урал,medium,FBS,center,offline_event,0
100593,2024-04-14,2024-05-22,Одежда,Дальний Восток,micro,FBS,east,organic,0
100594,2026-03-12,2026-04-23,Электроника,Центр,small,FBO,west,partner,1
100595,2023-10-19,2023-11-05,Электроника,Москва и МО,medium,FBO,north,partner,0
100596,2023-07-04,2023-07-30,Спорт,Москва и МО,micro,mixed,east,referral,1
100597,2023-09-29,2023-12-03,Обувь,Сибирь,micro,FBO,east,organic,0
100598,2024-03-02,2024-03-28,Обувь,Урал,micro,FBO,north,organic,1
100599,2024-05-15,2024-06-05,Дом,Поволжье,micro,FBS,west,ads,1
100600,2024-11-07,2024-12-18,Дом,Урал,micro,FBO,north,partner,1
100601,2026-02-05,2026-03-06,Дом,Урал,micro,FBS,center,offline_event,0
100602,2025-07-29,2025-08-08,Красота,Москва и МО,large,FBO,south,referral,1
100603,2024-03-29,2024-04-13,Обувь,Сибирь,micro,FBS,south,partner,1
100604,2024-12-10,2025-01-29,Красота,Москва и МО,small,FBO,center,partner,1
100605,2023-09-03,2023-09-15,Одежда,Поволжье,micro,FBO,center,organic,1
100606,2024-11-22,2024-12-28,Красота,Москва и МО,micro,FBS,south,organic,1
100607,2025-09-11,2025-09-19,Обувь,Поволжье,micro,FBS,south,organic,1
100608,2023-10-14,2023-11-13,Красота,Поволжье,micro,FBS,west,referral,1
100609,2024-01-09,2024-03-07,Одежда,Центр,medium,FBS,north,ads,1
100610,2023-09-15,2023-10-13,Электроника,Сибирь,medium,FBS,south,offline_event,1
100611,2024-10-22,2024-12-19,Дом,Юг,medium,FBO,south,organic,1
100612,2025-12-27,2026-01-27,Одежда,Поволжье,micro,FBO,south,organic,1
100613,2025-10-08,2025-10-22,Красота,Москва и МО,micro,mixed,center,partner,1
100614,2024-05-13,2024-07-14,Красота,Санкт-Петербург,medium,mixed,west,referral,1
100615,2025-04-16,2025-05-01,Одежда,Москва и МО,medium,FBO,center,referral,1
100616,2025-07-23,2025-08-09,Детские товары,Сибирь,medium,FBO,west,referral,1
100617,2024-01-10,2024-02-22,Одежда,Сибирь,micro,mixed,north,organic,0
100618,2024-09-20,2024-11-07,Обувь,Юг,medium,FBO,center,organic,1
100619,2023-07-27,2023-08-21,Детские товары,Центр,micro,FBO,south,organic,0
100620,2024-10-03,2024-10-12,Одежда,Юг,micro,FBO,east,organic,1
100621,2025-11-03,2025-11-27,Обувь,Санкт-Петербург,micro,FBO,north,referral,1
100622,2024-03-03,2024-03-10,Обувь,Урал,large,FBS,north,referral,1
100623,2025-06-17,2025-07-11,Детские товары,Москва и МО,small,FBS,east,organic,1
100624,2023-12-18,2024-01-12,Дом,Центр,micro,FBO,north,organic,1
100625,2024-10-16,2024-12-04,Обувь,Москва и МО,micro,FBO,west,organic,1
100626,2023-07-13,2023-07-23,Товары для животных,Центр,micro,mixed,south,ads,0
100627,2023-10-20,2023-11-16,Товары для животных,Урал,medium,FBO,center,partner,1
100628,2023-10-26,2023-11-28,Обувь,Юг,micro,FBS,north,offline_event,1
100629,2024-05-04,2024-05-11,Аксессуары,Центр,small,FBS,south,organic,0
100630,2024-12-20,2025-01-20,Дом,Центр,micro,FBS,north,organic,1
100631,2025-06-01,2025-06-28,Дом,Санкт-Петербург,micro,FBO,center,partner,0
100632,2025-10-08,2025-11-08,Одежда,Москва и МО,micro,FBO,south,referral,0
100633,2025-04-14,2025-04-30,Одежда,Урал,micro,FBS,center,organic,0
100634,2023-10-04,2023-10-12,Детские товары,Москва и МО,small,FBO,south,referral,0
100635,2024-07-15,2024-08-03,Одежда,Сибирь,micro,FBS,east,organic,1
100636,2024-02-24,2024-04-09,Товары для животных,Центр,medium,FBS,center,organic,1
100637,2025-10-26,2025-11-06,Обувь,Урал,small,FBS,east,organic,1
100638,2024-06-07,2024-07-14,Одежда,Центр,micro,FBO,east,partner,1
100639,2025-05-01,2025-05-12,Аксессуары,Сибирь,micro,FBS,west,referral,1
100640,2025-11-26,2026-01-01,Электроника,Юг,medium,FBO,center,partner,1
100641,2025-04-07,2025-04-27,Одежда,Москва и МО,small,FBS,west,organic,1
100642,2025-11-21,2025-12-05,Товары для животных,Москва и МО,medium,FBS,south,referral,1
100643,2025-07-17,2025-08-18,Одежда,Центр,micro,FBO,center,partner,1
100644,2025-10-04,2025-10-10,Электроника,Юг,small,FBS,south,offline_event,1
100645,2025-12-31,2026-02-14,Одежда,Санкт-Петербург,micro,FBS,center,partner,0
100646,2025-11-20,2026-01-14,Одежда,Поволжье,small,FBS,west,organic,1
100647,2026-02-03,2026-04-01,Товары для животных,Санкт-Петербург,small,FBO,center,referral,1
100648,2025-07-02,2025-07-12,Канцелярия,Сибирь,micro,mixed,south,ads,0
100649,2025-02-26,2025-03-05,Дом,Москва и МО,micro,mixed,north,partner,1
100650,2025-11-10,2025-12-04,Канцелярия,Юг,small,FBO,south,organic,0
100651,2024-06-17,2024-07-11,Красота,Центр,micro,FBS,north,offline_event,1
100652,2024-02-25,2024-03-13,Одежда,Поволжье,small,FBS,north,referral,1
100653,2024-06-11,2024-07-13,Детские товары,Юг,micro,FBS,north,organic,1
100654,2023-10-23,2023-11-19,Одежда,Юг,micro,FBO,north,referral,1
100655,2023-11-05,2023-12-22,Детские товары,Центр,medium,FBO,west,organic,1
100656,2024-04-14,2024-05-16,Детские товары,Поволжье,small,FBO,west,partner,0
100657,2025-05-13,2025-06-08,Одежда,Центр,large,FBO,east,referral,0
100658,2025-12-31,2026-01-30,Товары для животных,Урал,medium,FBS,north,offline_event,1
100659,2023-10-29,2024-02-20,Одежда,Поволжье,micro,FBO,east,partner,1
100660,2023-08-06,2023-09-05,Обувь,Центр,small,mixed,east,organic,0
100661,2024-06-21,2024-06-26,Детские товары,Поволжье,medium,mixed,east,offline_event,1
100662,2025-08-09,2025-10-02,Дом,Москва и МО,small,FBS,north,partner,1
100663,2025-07-09,2025-07-23,Дом,Поволжье,small,FBS,north,organic,1
100664,2024-07-03,2024-07-16,Электроника,Поволжье,micro,FBO,north,ads,1
100665,2024-10-29,2024-11-14,Электроника,Центр,micro,mixed,center,ads,1
100666,2024-01-25,2024-03-26,Одежда,Сибирь,micro,FBS,south,referral,0
100667,2024-01-15,2024-02-14,Детские товары,Поволжье,small,FBS,west,partner,1
100668,2024-04-28,2024-05-31,Одежда,Урал,large,FBO,south,organic,1
100669,2023-12-21,2024-01-14,Одежда,Москва и МО,medium,FBO,east,organic,1
100670,2024-09-12,2024-10-28,Обувь,Юг,small,FBO,south,organic,1
100671,2024-04-12,2024-04-17,Одежда,Поволжье,small,FBS,center,organic,1
100672,2023-10-12,2023-11-10,Дом,Юг,small,FBS,north,organic,1
100673,2023-09-19,2023-10-03,Обувь,Санкт-Петербург,micro,FBS,center,organic,1
100674,2025-06-02,2025-07-18,Аксессуары,Москва и МО,medium,FBO,south,offline_event,0
100675,2024-10-28,2024-11-24,Красота,Поволжье,small,FBS,center,organic,1
100676,2024-01-26,2024-03-14,Одежда,Центр,micro,FBS,north,ads,0
100677,2024-09-05,2024-09-23,Одежда,Урал,small,FBS,center,organic,1
100678,2024-11-14,2024-11-30,Канцелярия,Санкт-Петербург,small,FBS,south,referral,0
100679,2024-07-26,2024-08-19,Электроника,Урал,micro,FBS,center,partner,0
100680,2026-01-11,2026-01-20,Электроника,Санкт-Петербург,micro,FBO,east,partner,1
100681,2023-10-01,2023-12-07,Одежда,Центр,small,FBO,north,partner,1
100682,2024-06-19,2024-07-12,Электроника,Москва и МО,micro,FBS,east,organic,0
100683,2026-03-11,2026-03-14,Спорт,Центр,micro,FBO,north,organic,0
100684,2023-11-27,2023-12-31,Одежда,Поволжье,small,FBO,west,partner,0
100685,2025-08-12,2025-09-25,Красота,Урал,micro,mixed,south,organic,1
100686,2024-12-06,2025-01-11,Электроника,Поволжье,small,FBS,center,organic,1
100687,2025-05-04,2025-05-31,Красота,Москва и МО,small,FBS,center,referral,1
100688,2025-01-23,2025-02-19,Товары для животных,Юг,medium,mixed,center,referral,1
100689,2023-07-11,2023-07-14,Дом,Москва и МО,micro,FBO,south,partner,0
100690,2024-06-07,2024-06-26,Красота,Сибирь,small,FBO,west,organic,0
100691,2023-08-06,2023-10-02,Красота,Москва и МО,micro,FBO,center,offline_event,0
100692,2024-02-09,2024-03-20,Одежда,Поволжье,micro,mixed,center,organic,1
100693,2024-02-27,2024-03-16,Одежда,Санкт-Петербург,micro,FBO,center,organic,0
100694,2024-10-21,2024-11-11,Дом,Центр,medium,FBO,center,ads,1
100695,2025-02-28,2025-03-20,Электроника,Юг,micro,FBS,north,ads,1
100696,2024-09-14,2024-10-28,Детские товары,Урал,medium,FBS,west,organic,1
100697,2025-05-29,2025-06-07,Канцелярия,Урал,large,FBS,center,referral,1
100698,2023-12-17,2023-12-30,Спорт,Урал,micro,mixed,center,ads,1
100699,2025-02-20,2025-04-08,Дом,Юг,small,FBO,center,referral,0
100700,2025-02-07,2025-02-18,Дом,Поволжье,medium,mixed,south,ads,1
100701,2025-03-26,2025-04-05,Красота,Москва и МО,micro,mixed,west,organic,1
100702,2025-09-18,2025-11-13,Красота,Москва и МО,micro,FBO,center,organic,0
100703,2025-10-11,2025-10-24,Красота,Сибирь,small,FBO,south,ads,1
100704,2023-09-05,2023-11-04,Дом,Москва и МО,micro,FBS,north,organic,1
100705,2025-07-10,2025-08-05,Электроника,Дальний Восток,small,FBO,north,organic,1
100706,2023-12-31,2024-01-26,Обувь,Сибирь,micro,FBO,north,partner,1
100707,2024-11-01,2024-11-29,Дом,Дальний Восток,large,FBO,center,ads,0
100708,2024-09-13,2024-09-27,Красота,Санкт-Петербург,small,mixed,south,organic,0
100709,2023-09-03,2023-09-30,Детские товары,Москва и МО,micro,FBS,south,offline_event,1
100710,2023-11-26,2024-02-15,Аксессуары,Центр,micro,FBS,north,organic,1
100711,2025-07-01,2025-07-26,Спорт,Москва и МО,micro,FBO,north,organic,1
100712,2024-10-05,2024-11-10,Обувь,Москва и МО,small,FBS,west,referral,0
100713,2024-11-20,2024-12-04,Аксессуары,Урал,micro,FBS,east,ads,1
100714,2024-10-16,2024-10-28,Детские товары,Москва и МО,micro,FBS,center,organic,1
100715,2025-04-11,2025-05-22,Одежда,Урал,small,FBS,center,ads,1
100716,2024-09-19,2024-11-05,Красота,Урал,micro,mixed,east,offline_event,1
100717,2025-06-21,2025-07-28,Электроника,Юг,micro,mixed,north,organic,1
100718,2025-09-25,2025-10-20,Электроника,Санкт-Петербург,medium,FBO,east,organic,1
100719,2025-04-27,2025-05-21,Дом,Москва и МО,micro,mixed,east,referral,1
100720,2025-08-14,2025-09-02,Дом,Поволжье,medium,FBS,center,referral,1
100721,2024-10-01,2024-11-29,Одежда,Центр,small,FBO,south,referral,0
100722,2023-09-06,2023-10-02,Дом,Юг,small,FBS,center,organic,1
100723,2024-04-15,2024-04-19,Красота,Центр,micro,FBO,south,offline_event,1
100724,2025-02-22,2025-03-15,Аксессуары,Центр,micro,FBS,east,partner,1
100725,2024-04-12,2024-05-31,Обувь,Сибирь,micro,FBO,center,organic,1
100726,2025-06-04,2025-07-16,Канцелярия,Москва и МО,medium,mixed,north,partner,0
100727,2025-07-11,2025-08-04,Красота,Юг,micro,FBO,center,organic,1
100728,2023-11-25,2024-01-09,Электроника,Юг,micro,FBS,center,ads,1
100729,2024-06-23,2024-08-06,Одежда,Москва и МО,micro,FBS,north,ads,1
100730,2024-09-13,2024-11-19,Товары для животных,Сибирь,large,FBS,south,referral,1
100731,2026-03-05,,Обувь,Санкт-Петербург,medium,FBO,east,offline_event,1
100732,2025-10-16,2025-10-22,Обувь,Москва и МО,micro,FBO,west,organic,1
100733,2026-01-16,2026-02-01,Детские товары,Поволжье,small,FBS,center,ads,1
100734,2025-01-08,2025-01-16,Электроника,Поволжье,micro,mixed,north,referral,1
100735,2025-11-11,2025-11-22,Детские товары,Москва и МО,micro,FBO,east,partner,0
100736,2024-08-23,2024-09-21,Красота,Москва и МО,micro,FBO,center,organic,1
100737,2025-10-25,2025-11-21,Электроника,Дальний Восток,small,FBS,south,ads,1
100738,2024-04-24,2024-05-20,Одежда,Центр,small,FBO,east,offline_event,0
100739,2024-06-09,2024-06-26,Канцелярия,Урал,small,FBS,north,ads,1
100740,2023-08-09,2023-08-31,Детские товары,Сибирь,micro,FBS,center,offline_event,0
100741,2024-10-19,2024-11-02,Спорт,Москва и МО,micro,FBO,center,organic,1
100742,2024-07-18,2024-08-15,Обувь,Центр,large,FBO,north,partner,0
100743,2024-01-16,2024-02-19,Аксессуары,Москва и МО,micro,FBO,center,ads,0
100744,2023-12-31,2024-01-18,Одежда,Санкт-Петербург,micro,mixed,center,partner,1
100745,2025-04-22,2025-06-01,Красота,Дальний Восток,small,FBO,east,referral,1
100746,2024-09-21,2024-12-07,Электроника,Центр,micro,FBO,south,referral,1
100747,2024-12-03,2025-01-01,Электроника,Дальний Восток,small,FBS,center,organic,0
100748,2025-11-09,2025-11-25,Красота,Урал,medium,FBS,east,offline_event,1
100749,2024-08-30,2024-09-22,Одежда,Юг,micro,FBS,south,organic,1
100750,2025-08-26,2025-09-17,Детские товары,Урал,micro,FBO,center,organic,0
100751,2023-08-18,2023-08-31,Одежда,Москва и МО,small,FBO,center,ads,0
100752,2025-12-04,2026-01-01,Красота,Поволжье,small,FBS,west,organic,1
100753,2024-07-23,2024-09-16,Красота,Центр,medium,FBO,south,ads,1
100754,2024-05-05,2024-06-04,Аксессуары,Урал,small,FBS,east,referral,1
100755,2026-03-04,2026-04-18,Товары для животных,Санкт-Петербург,large,FBS,south,ads,1
100756,2025-07-06,2025-08-28,Одежда,Центр,micro,FBO,west,offline_event,1
100757,2025-08-05,2025-09-14,Обувь,Юг,small,FBS,center,ads,0
100758,2024-09-20,2024-09-26,Одежда,Центр,small,FBO,south,ads,1
100759,2025-07-03,2025-07-07,Обувь,Москва и МО,micro,mixed,center,ads,0
100760,2025-11-17,2025-11-22,Канцелярия,Дальний Восток,small,mixed,west,partner,0
100761,2025-01-14,2025-01-31,Красота,Санкт-Петербург,micro,mixed,north,partner,1
100762,2025-05-03,2025-05-10,Спорт,Москва и МО,small,FBO,south,organic,0
100763,2025-04-14,2025-04-30,Товары для животных,Поволжье,small,FBO,center,organic,0
100764,2025-08-24,2025-09-18,Спорт,Санкт-Петербург,micro,FBO,east,ads,1
100765,2025-04-27,2025-05-14,Обувь,Центр,micro,FBO,center,partner,1
100766,2023-10-15,2023-10-29,Электроника,Москва и МО,micro,FBO,east,partner,1
100767,2024-06-08,2024-07-16,Канцелярия,Урал,large,FBS,south,referral,1
100768,2023-09-21,2023-10-20,Аксессуары,Санкт-Петербург,micro,FBS,west,partner,1
100769,2025-05-15,2025-05-27,Дом,Москва и МО,small,FBO,center,organic,1
100770,2025-01-23,2025-03-02,Товары для животных,Центр,micro,FBO,north,organic,1
100771,2024-10-25,2025-02-20,Детские товары,Юг,small,FBS,center,offline_event,1
100772,2023-10-28,2023-11-18,Электроника,Сибирь,micro,FBO,center,referral,1
100773,2026-02-01,2026-02-12,Красота,Москва и МО,small,FBO,center,partner,0
100774,2025-01-30,2025-03-02,Красота,Центр,small,FBO,west,ads,0
100775,2024-03-04,2024-05-07,Аксессуары,Юг,micro,FBS,north,ads,1
100776,2025-05-14,2025-05-30,Электроника,Урал,micro,FBO,center,organic,1
100777,2024-11-13,2024-12-06,Дом,Санкт-Петербург,small,FBS,south,organic,0
100778,2024-04-05,2024-04-28,Одежда,Юг,micro,FBS,west,ads,1
100779,2024-01-27,2024-02-12,Аксессуары,Урал,medium,mixed,west,offline_event,1
100780,2024-01-14,2024-02-08,Одежда,Урал,micro,FBS,east,organic,1
100781,2025-05-26,2025-06-09,Электроника,Сибирь,micro,FBO,east,offline_event,0
100782,2025-02-12,2025-03-16,Красота,Санкт-Петербург,small,FBO,center,partner,1
100783,2024-03-30,2024-04-05,Одежда,Москва и МО,micro,FBO,south,organic,1
100784,2023-09-22,2023-10-22,Товары для животных,Центр,large,FBO,west,ads,0
100785,2023-12-29,2024-01-15,Обувь,Урал,micro,FBO,center,organic,1
100786,2023-09-01,2023-09-29,Красота,Санкт-Петербург,micro,FBO,south,partner,0
100787,2023-07-05,2023-07-28,Красота,Сибирь,micro,FBS,west,organic,1
100788,2025-02-27,2025-03-21,Аксессуары,Сибирь,small,mixed,south,referral,1
100789,2025-08-27,2025-09-08,Одежда,Москва и МО,micro,mixed,west,organic,1
100790,2026-01-27,2026-02-23,Товары для животных,Урал,micro,FBS,west,referral,1
100791,2026-01-12,2026-01-31,Красота,Поволжье,micro,FBO,center,organic,1
100792,2024-02-15,2024-04-07,Красота,Москва и МО,large,FBS,south,referral,0
100793,2023-11-11,2024-01-26,Электроника,Москва и МО,small,FBS,center,organic,0
100794,2025-09-06,2025-09-28,Одежда,Сибирь,medium,FBO,south,organic,1
100795,2023-09-21,2023-09-28,Одежда,Урал,micro,FBO,center,ads,0
100796,2026-02-09,2026-03-03,Детские товары,Поволжье,small,FBO,center,partner,1
100797,2024-06-25,2024-08-06,Дом,Урал,micro,mixed,north,organic,1
100798,2025-09-07,2025-09-21,Одежда,Москва и МО,small,FBO,center,organic,0
100799,2024-01-23,2024-03-10,Спорт,Санкт-Петербург,medium,mixed,center,partner,0
100800,2026-01-12,2026-01-25,Аксессуары,Москва и МО,small,FBO,east,referral,1
100801,2025-02-03,2025-02-28,Одежда,Поволжье,large,FBS,east,organic,1
100802,2026-01-06,2026-02-01,Красота,Москва и МО,small,FBS,south,referral,1
100803,2025-11-02,2025-12-03,Красота,Дальний Восток,medium,FBS,center,offline_event,1
100804,2025-06-17,2025-07-12,Дом,Дальний Восток,micro,FBS,west,referral,1
100805,2024-05-06,2024-06-10,Одежда,Санкт-Петербург,medium,FBO,north,offline_event,1
100806,2024-05-01,2024-06-21,Детские товары,Москва и МО,micro,FBO,west,partner,1
100807,2026-01-09,2026-01-16,Красота,Москва и МО,small,FBS,south,organic,1
100808,2023-11-12,2023-11-19,Канцелярия,Москва и МО,micro,FBS,east,referral,1
100809,2025-10-02,2025-11-11,Дом,Москва и МО,micro,FBO,west,referral,1
100810,2024-07-09,2024-07-12,Одежда,Юг,medium,FBO,center,organic,1
100811,2025-02-21,2025-04-23,Красота,Юг,small,FBS,center,ads,1
100812,2025-07-05,2025-07-30,Электроника,Москва и МО,small,FBO,north,organic,1
100813,2023-10-08,2023-12-07,Красота,Юг,small,FBO,south,partner,0
100814,2025-02-11,2025-03-05,Дом,Урал,micro,mixed,east,partner,0
100815,2023-09-26,2023-10-15,Канцелярия,Юг,micro,FBS,south,ads,1
100816,2023-09-20,2023-11-07,Спорт,Юг,medium,FBO,west,organic,1
100817,2025-11-24,2025-12-23,Детские товары,Москва и МО,small,FBS,west,partner,1
100818,2023-07-07,2023-07-17,Электроника,Юг,medium,FBO,center,organic,1
100819,2024-02-06,2024-04-18,Обувь,Санкт-Петербург,large,mixed,west,organic,1
100820,2023-11-09,2023-12-06,Электроника,Поволжье,medium,FBS,center,organic,1
100821,2025-07-01,2025-07-19,Детские товары,Поволжье,micro,mixed,west,organic,1
100822,2025-06-15,2025-07-09,Обувь,Москва и МО,small,FBS,center,offline_event,1
100823,2023-12-09,2024-01-01,Канцелярия,Урал,small,FBS,east,ads,1
100824,2024-01-04,2024-02-05,Одежда,Юг,micro,FBO,east,referral,1
100825,2023-10-20,2023-10-28,Товары для животных,Москва и МО,small,FBO,center,organic,1
100826,2023-08-21,2023-09-12,Одежда,Урал,small,FBO,center,organic,0
100827,2025-05-10,2025-06-08,Дом,Москва и МО,small,mixed,south,partner,1
100828,2025-10-20,2025-11-11,Обувь,Москва и МО,small,FBO,south,referral,1
100829,2023-08-09,2023-08-25,Дом,Поволжье,micro,FBO,south,offline_event,0
100830,2025-09-28,2025-10-11,Одежда,Поволжье,small,mixed,west,organic,0
100831,2025-08-11,2025-10-28,Дом,Юг,micro,FBS,west,organic,1
100832,2026-01-29,2026-03-01,Детские товары,Москва и МО,micro,FBO,north,ads,1
100833,2024-07-15,2024-09-27,Одежда,Москва и МО,small,FBO,south,referral,1
100834,2023-12-15,2023-12-19,Аксессуары,Сибирь,small,mixed,center,ads,0
100835,2026-01-15,2026-02-24,Товары для животных,Урал,micro,FBO,west,ads,0
100836,2023-11-27,2023-12-11,Обувь,Юг,micro,FBS,center,organic,1
100837,2024-11-26,2025-01-10,Одежда,Поволжье,small,FBS,center,ads,1
100838,2024-05-06,2024-06-04,Канцелярия,Санкт-Петербург,medium,FBS,east,partner,0
100839,2023-09-05,2023-09-29,Дом,Санкт-Петербург,micro,FBO,east,referral,1
100840,2025-09-20,2025-11-06,Одежда,Санкт-Петербург,medium,mixed,east,ads,1
100841,2024-07-02,2024-08-12,Красота,Поволжье,medium,FBS,center,partner,0
100842,2025-11-03,2025-12-15,Обувь,Москва и МО,small,FBS,center,partner,1
100843,2023-11-01,2023-11-28,Товары для животных,Центр,micro,mixed,east,referral,1
100844,2025-08-27,2025-10-03,Спорт,Центр,micro,FBS,west,offline_event,1
100845,2025-11-10,2025-12-23,Канцелярия,Урал,micro,FBO,east,partner,1
100846,2025-01-06,2025-01-18,Обувь,Центр,medium,FBS,center,ads,1
100847,2025-12-27,2026-01-09,Одежда,Юг,small,FBO,south,organic,1
100848,2025-01-28,2025-02-27,Одежда,Дальний Восток,small,FBO,south,partner,1
100849,2024-12-03,2025-01-02,Дом,Центр,small,mixed,center,partner,1
100850,2025-07-06,2025-07-29,Красота,Дальний Восток,medium,FBO,center,offline_event,1
100851,2023-07-27,2023-09-12,Аксессуары,Москва и МО,large,mixed,east,organic,0
100852,2024-11-16,2024-12-11,Спорт,Юг,small,FBO,east,organic,1
100853,2025-03-31,2025-04-16,Дом,Поволжье,medium,FBO,east,organic,0
100854,2025-07-27,2025-09-02,Обувь,Юг,micro,FBO,east,organic,1
100855,2024-01-24,2024-02-26,Детские товары,Поволжье,small,mixed,east,ads,1
100856,2025-05-07,2025-05-29,Аксессуары,Юг,small,FBO,east,offline_event,0
100857,2024-11-19,2024-12-31,Обувь,Москва и МО,medium,FBS,center,organic,1
100858,2025-08-09,2025-08-30,Одежда,Центр,small,FBO,south,organic,1
100859,2025-10-17,2025-12-28,Аксессуары,Санкт-Петербург,micro,FBO,north,organic,0
100860,2023-11-07,2023-11-22,Электроника,Москва и МО,small,FBO,west,partner,1
100861,2024-05-05,2024-05-31,Детские товары,Урал,micro,FBO,west,organic,1
100862,2024-03-24,2024-04-02,Красота,Центр,micro,FBS,center,offline_event,0
100863,2026-02-25,2026-03-02,Обувь,Москва и МО,micro,FBO,north,referral,1
100864,2023-10-18,2023-10-29,Одежда,Москва и МО,micro,FBO,south,ads,0
100865,2025-05-22,2025-07-12,Одежда,Поволжье,medium,FBS,south,organic,1
100866,2024-07-06,2024-10-07,Одежда,Поволжье,medium,FBO,north,referral,0
100867,2025-11-20,2025-11-28,Красота,Юг,small,FBS,north,organic,1
100868,2024-11-27,2024-12-13,Одежда,Москва и МО,small,FBS,east,organic,0
100869,2025-07-05,2025-09-15,Дом,Москва и МО,micro,FBS,center,referral,0
100870,2025-08-28,2025-09-22,Дом,Дальний Восток,small,FBO,center,organic,1
100871,2025-05-24,2025-06-28,Электроника,Санкт-Петербург,small,FBS,east,organic,1
100872,2023-07-30,2023-08-19,Красота,Урал,small,mixed,south,organic,1
100873,2024-08-03,2024-10-05,Дом,Центр,small,FBS,east,partner,1
100874,2023-11-14,2023-11-24,Обувь,Поволжье,large,FBO,north,ads,1
100875,2025-07-17,2025-08-22,Обувь,Москва и МО,medium,FBS,north,organic,1
100876,2024-08-20,2024-09-25,Товары для животных,Сибирь,micro,mixed,north,partner,1
100877,2024-09-14,2024-09-26,Обувь,Сибирь,large,mixed,west,organic,1
100878,2025-02-17,2025-03-14,Обувь,Москва и МО,micro,FBS,center,referral,1
100879,2024-06-12,2024-07-19,Обувь,Центр,small,mixed,center,offline_event,0
100880,2023-12-21,2023-12-27,Детские товары,Поволжье,micro,mixed,south,partner,1
100881,2024-02-05,2024-03-25,Одежда,Юг,medium,mixed,south,partner,0
100882,2025-08-07,2025-09-18,Одежда,Центр,small,FBS,north,organic,1
100883,2025-03-18,2025-04-02,Товары для животных,Сибирь,small,FBS,north,referral,1
100884,2025-07-29,2025-08-20,Одежда,Сибирь,micro,FBO,south,ads,1
100885,2023-07-24,2023-08-01,Детские товары,Санкт-Петербург,medium,mixed,north,organic,1
100886,2024-08-14,2024-08-18,Аксессуары,Центр,medium,FBO,north,referral,1
100887,2024-07-04,2024-09-05,Одежда,Центр,medium,FBS,center,partner,1
100888,2024-03-08,2024-03-24,Одежда,Поволжье,micro,FBO,east,organic,1
100889,2025-11-26,2026-02-04,Одежда,Москва и МО,small,FBO,north,organic,1
100890,2023-10-14,2023-11-26,Одежда,Центр,micro,FBS,south,referral,1
100891,2024-02-18,2024-03-15,Аксессуары,Дальний Восток,large,mixed,west,ads,1
100892,2025-08-04,2025-09-07,Красота,Урал,small,mixed,center,referral,1
100893,2024-07-02,2024-08-20,Дом,Юг,micro,mixed,west,organic,1
100894,2024-08-04,2024-08-29,Красота,Урал,medium,mixed,west,referral,1
100895,2023-08-21,2023-09-21,Дом,Поволжье,micro,mixed,west,organic,1
100896,2025-06-19,2025-07-10,Дом,Центр,micro,mixed,north,organic,0
100897,2024-10-29,2024-11-12,Электроника,Москва и МО,medium,FBO,north,organic,1
100898,2024-12-28,2025-01-20,Красота,Поволжье,small,FBS,center,partner,0
100899,2026-03-05,2026-04-08,Электроника,Дальний Восток,small,mixed,center,partner,1
100900,2025-12-13,2026-01-26,Товары для животных,Поволжье,micro,mixed,center,organic,1
100901,2025-01-15,2025-01-24,Аксессуары,Поволжье,micro,mixed,south,organic,1
100902,2026-03-01,2026-04-14,Детские товары,Москва и МО,small,FBO,center,organic,1
100903,2023-09-06,2023-10-04,Дом,Москва и МО,micro,mixed,north,partner,1
100904,2025-01-08,2025-01-20,Дом,Санкт-Петербург,small,FBO,south,ads,0
100905,2025-11-04,2025-11-23,Дом,Сибирь,small,FBO,west,ads,1
100906,2023-09-26,2023-11-03,Красота,Санкт-Петербург,micro,FBS,north,organic,0
100907,2025-04-10,2025-04-21,Красота,Юг,small,FBO,south,ads,1
100908,2026-02-20,,Детские товары,Москва и МО,micro,FBS,south,ads,1
100909,2025-02-21,2025-03-19,Электроника,Урал,small,FBS,west,organic,1
100910,2026-03-04,2026-04-11,Товары для животных,Центр,micro,mixed,center,ads,0
100911,2025-08-31,2025-09-06,Одежда,Центр,micro,FBO,north,referral,0
100912,2024-07-25,2024-09-05,Детские товары,Юг,micro,mixed,west,organic,1
100913,2023-08-15,2023-08-16,Дом,Москва и МО,micro,FBO,south,organic,1
100914,2025-08-23,2025-09-29,Электроника,Юг,small,FBS,east,partner,1
100915,2025-05-28,2025-06-08,Одежда,Москва и МО,micro,FBO,west,partner,0
100916,2023-12-19,2023-12-24,Дом,Москва и МО,micro,FBO,west,ads,0
100917,2024-01-24,2024-02-06,Аксессуары,Урал,small,FBS,center,organic,0
100918,2025-05-12,2025-06-02,Красота,Юг,micro,FBO,south,ads,1
100919,2025-01-14,2025-01-25,Аксессуары,Санкт-Петербург,micro,FBS,center,ads,0
100920,2025-05-24,2025-05-27,Красота,Урал,medium,FBS,center,referral,1
100921,2025-01-03,2025-02-09,Красота,Поволжье,micro,FBO,south,partner,1
100922,2025-12-25,2026-01-16,Красота,Центр,small,FBO,east,referral,1
100923,2024-12-10,2025-01-23,Спорт,Поволжье,large,FBO,center,partner,1
100924,2024-05-10,2024-06-03,Детские товары,Москва и МО,micro,FBS,north,ads,1
100925,2026-02-24,2026-03-22,Дом,Санкт-Петербург,micro,mixed,south,ads,1
100926,2023-10-10,2023-10-22,Товары для животных,Урал,small,FBO,north,organic,1
100927,2025-04-07,2025-04-23,Дом,Центр,medium,FBO,east,ads,1
100928,2024-08-19,2024-09-02,Красота,Юг,micro,mixed,west,partner,1
100929,2024-06-05,2024-06-16,Обувь,Центр,medium,FBO,north,referral,0
100930,2024-08-23,2024-09-02,Дом,Поволжье,large,FBO,north,organic,1
100931,2024-03-21,2024-04-22,Дом,Юг,medium,FBO,east,organic,1
100932,2024-04-14,2024-07-04,Электроника,Центр,micro,FBS,north,offline_event,0
100933,2023-08-14,2023-10-08,Дом,Сибирь,small,FBO,south,ads,1
100934,2025-10-01,2025-12-29,Канцелярия,Поволжье,micro,FBS,east,ads,1
100935,2024-10-21,2024-11-20,Аксессуары,Урал,micro,FBO,south,partner,1
100936,2025-01-22,2025-04-23,Спорт,Москва и МО,small,FBO,south,offline_event,1
100937,2025-08-25,2025-09-07,Одежда,Дальний Восток,micro,FBO,west,referral,0
100938,2024-05-29,2024-08-10,Обувь,Дальний Восток,small,FBO,center,organic,1
100939,2025-07-13,2025-08-22,Аксессуары,Москва и МО,micro,mixed,west,organic,1
100940,2025-06-14,2025-07-25,Товары для животных,Санкт-Петербург,small,FBO,north,organic,1
100941,2025-08-28,2025-09-23,Детские товары,Сибирь,small,FBS,north,offline_event,0
100942,2025-04-22,2025-05-03,Обувь,Санкт-Петербург,micro,FBO,center,organic,1
100943,2024-08-16,2024-09-13,Электроника,Юг,micro,FBS,south,organic,0
100944,2026-03-10,,Дом,Сибирь,micro,FBS,north,partner,0
100945,2023-12-10,2024-01-04,Дом,Дальний Восток,micro,FBS,north,partner,1
100946,2024-05-01,2024-05-14,Канцелярия,Юг,small,mixed,east,partner,1
100947,2026-03-13,,Обувь,Санкт-Петербург,micro,FBS,center,organic,1
100948,2023-08-24,2023-09-18,Дом,Центр,micro,FBO,south,organic,1
100949,2024-04-21,2024-05-12,Одежда,Поволжье,micro,mixed,east,organic,1
100950,2026-01-26,2026-03-01,Канцелярия,Москва и МО,small,FBS,center,organic,1
100951,2024-05-31,2024-06-07,Дом,Москва и МО,small,FBS,center,organic,1
100952,2024-05-18,2024-06-03,Детские товары,Урал,micro,FBO,east,organic,1
100953,2026-01-08,2026-01-17,Товары для животных,Сибирь,medium,FBO,north,organic,0
100954,2025-10-15,2025-10-27,Одежда,Поволжье,micro,FBO,center,organic,1
100955,2026-02-21,2026-04-05,Обувь,Москва и МО,small,mixed,south,partner,1
100956,2025-05-17,2025-07-12,Одежда,Сибирь,small,FBS,south,organic,0
100957,2024-05-01,2024-05-25,Красота,Сибирь,micro,FBS,north,organic,1
100958,2024-11-02,2024-12-05,Канцелярия,Санкт-Петербург,micro,FBS,north,offline_event,0
100959,2025-11-17,2025-12-06,Электроника,Урал,small,FBS,west,ads,1
100960,2026-03-01,2026-04-25,Аксессуары,Санкт-Петербург,large,FBO,north,organic,0
100961,2025-08-27,2025-09-30,Красота,Юг,small,FBO,west,organic,1
100962,2025-06-16,2025-07-23,Одежда,Москва и МО,small,FBS,north,organic,1
100963,2025-01-06,2025-01-21,Электроника,Сибирь,small,FBS,north,organic,0
100964,2025-09-19,2025-10-17,Канцелярия,Москва и МО,micro,FBO,west,offline_event,1
100965,2024-12-23,2024-12-29,Обувь,Юг,micro,FBS,east,referral,0
100966,2025-12-03,2025-12-27,Обувь,Поволжье,micro,FBS,east,organic,1
100967,2024-04-22,2024-06-10,Одежда,Москва и МО,medium,FBS,center,partner,1
100968,2023-12-31,2024-01-11,Электроника,Юг,medium,FBO,east,organic,1
100969,2024-01-20,2024-01-23,Электроника,Москва и МО,micro,FBS,east,offline_event,0
100970,2023-09-10,2023-09-25,Обувь,Урал,small,FBO,north,organic,1
100971,2025-10-29,2025-11-18,Канцелярия,Юг,micro,FBO,east,referral,0
100972,2025-01-24,2025-02-01,Одежда,Юг,micro,FBS,north,referral,1
100973,2024-02-20,2024-04-12,Дом,Сибирь,micro,mixed,north,referral,1
100974,2025-09-28,2025-10-04,Канцелярия,Центр,micro,FBO,east,organic,1
100975,2025-04-19,2025-06-09,Одежда,Москва и МО,small,FBO,east,organic,1
100976,2023-10-31,2023-11-22,Аксессуары,Сибирь,micro,FBO,east,organic,1
100977,2023-07-08,2023-08-09,Дом,Дальний Восток,micro,FBO,center,offline_event,1
100978,2026-01-04,2026-01-21,Одежда,Дальний Восток,micro,FBS,center,referral,1
100979,2023-12-13,2023-12-27,Товары для животных,Поволжье,large,mixed,center,partner,1
100980,2025-10-18,2026-01-22,Детские товары,Центр,micro,FBO,south,organic,1
100981,2025-09-04,2025-09-06,Детские товары,Сибирь,micro,FBO,center,organic,0
100982,2025-10-04,2025-10-19,Одежда,Юг,large,FBO,north,ads,1
100983,2023-12-30,2024-01-12,Электроника,Центр,micro,mixed,center,organic,0
100984,2025-09-12,2025-10-18,Одежда,Москва и МО,micro,FBO,south,partner,1
100985,2026-02-23,2026-04-11,Товары для животных,Сибирь,medium,FBO,north,partner,0
100986,2024-05-20,2024-06-12,Канцелярия,Поволжье,micro,FBO,center,ads,1
100987,2024-10-22,2024-11-08,Одежда,Центр,medium,FBS,south,referral,1
100988,2024-04-04,2024-04-16,Обувь,Поволжье,micro,FBS,east,organic,1
100989,2025-10-04,2025-11-03,Дом,Москва и МО,small,mixed,center,organic,1
100990,2024-11-19,2025-01-19,Одежда,Юг,small,mixed,east,organic,1
100991,2023-12-07,2024-02-22,Красота,Москва и МО,micro,FBO,center,organic,1
100992,2026-01-16,2026-01-20,Электроника,Сибирь,micro,FBS,center,partner,0
100993,2024-06-27,2024-08-19,Детские товары,Юг,micro,FBS,east,partner,0
100994,2024-03-25,2024-04-19,Одежда,Москва и МО,micro,FBS,center,organic,0
100995,2025-12-28,2026-01-26,Детские товары,Санкт-Петербург,micro,mixed,south,organic,1
100996,2025-12-14,2026-01-26,Дом,Юг,micro,FBO,center,referral,0
100997,2025-01-14,2025-01-30,Одежда,Поволжье,micro,FBO,south,organic,0
100998,2025-12-28,2026-01-22,Одежда,Юг,small,FBO,north,organic,1
100999,2023-12-16,2024-01-26,Обувь,Москва и МО,micro,FBO,center,referral,1
101000,2025-03-26,2025-04-15,Дом,Москва и МО,small,FBS,west,partner,1
101001,2023-08-09,2023-09-04,Одежда,Юг,small,FBO,center,referral,1
101002,2025-02-26,2025-03-21,Одежда,Поволжье,small,FBO,south,ads,1
101003,2024-12-06,2024-12-24,Спорт,Урал,micro,mixed,west,referral,0
101004,2023-09-30,2023-10-01,Дом,Москва и МО,small,FBS,south,partner,1
101005,2023-07-04,2023-07-19,Одежда,Урал,micro,FBS,south,ads,1
101006,2024-05-17,2024-07-13,Одежда,Сибирь,small,FBO,east,organic,1
101007,2026-02-04,2026-03-13,Дом,Сибирь,micro,FBO,center,organic,0
101008,2025-02-27,2025-03-13,Электроника,Поволжье,small,FBO,east,organic,1
101009,2025-05-16,2025-06-20,Спорт,Санкт-Петербург,micro,mixed,south,offline_event,1
101010,2024-06-27,2024-07-29,Детские товары,Урал,micro,FBO,east,organic,1
101011,2023-10-02,2023-10-23,Дом,Поволжье,small,FBO,center,organic,1
101012,2025-08-20,2025-10-12,Дом,Юг,large,FBS,center,organic,0
101013,2024-12-25,2025-02-02,Товары для животных,Поволжье,medium,FBO,west,organic,1
101014,2023-08-26,2023-09-26,Товары для животных,Поволжье,micro,mixed,north,ads,1
101015,2024-02-27,2024-04-12,Одежда,Центр,micro,FBS,north,organic,0
101016,2025-06-02,2025-06-27,Красота,Урал,micro,FBO,south,ads,1
101017,2023-10-06,2023-11-06,Электроника,Москва и МО,large,FBO,north,partner,1
101018,2025-12-17,2026-01-10,Аксессуары,Урал,micro,FBO,west,referral,1
101019,2025-11-27,2025-12-24,Одежда,Санкт-Петербург,micro,FBS,south,organic,1
101020,2023-09-23,2023-09-30,Спорт,Москва и МО,micro,FBO,north,organic,0
101021,2024-10-11,2024-12-28,Товары для животных,Юг,medium,mixed,east,organic,1
101022,2025-09-24,2025-10-07,Товары для животных,Юг,micro,mixed,east,organic,1
101023,2024-08-09,2024-08-18,Детские товары,Центр,medium,FBO,center,offline_event,1
101024,2024-09-08,2024-11-24,Дом,Юг,large,mixed,south,offline_event,0
101025,2024-12-06,2025-01-25,Аксессуары,Москва и МО,micro,FBS,east,partner,1
101026,2025-03-29,2025-04-20,Обувь,Поволжье,micro,FBO,center,referral,1
101027,2025-10-28,2025-12-08,Электроника,Москва и МО,small,FBO,center,organic,0
101028,2026-02-17,2026-04-21,Обувь,Санкт-Петербург,small,mixed,north,offline_event,1
101029,2025-03-10,2025-03-28,Обувь,Москва и МО,micro,FBS,north,partner,1
101030,2026-03-14,2026-04-25,Товары для животных,Санкт-Петербург,small,FBS,south,offline_event,1
101031,2025-12-17,2026-01-01,Одежда,Юг,micro,FBO,center,partner,1
101032,2024-04-26,2024-05-22,Спорт,Урал,micro,FBO,east,ads,1
101033,2024-11-06,2024-11-25,Канцелярия,Москва и МО,small,mixed,east,organic,1
101034,2024-01-02,2024-02-07,Одежда,Юг,small,mixed,center,ads,1
101035,2025-02-15,2025-03-07,Обувь,Москва и МО,small,FBO,east,ads,1
101036,2023-07-11,2023-08-03,Одежда,Сибирь,medium,FBO,center,partner,1
101037,2024-04-30,2024-06-11,Дом,Центр,micro,FBS,east,organic,1
101038,2023-11-01,2023-12-12,Электроника,Сибирь,small,mixed,north,organic,1
101039,2023-09-04,2023-09-28,Спорт,Москва и МО,micro,FBS,north,ads,1
101040,2023-09-03,2023-10-02,Одежда,Москва и МО,micro,FBS,south,partner,0
101041,2026-01-18,2026-02-21,Товары для животных,Урал,large,FBS,east,organic,1
101042,2023-10-19,2023-11-09,Одежда,Санкт-Петербург,medium,FBO,center,referral,1
101043,2025-01-06,2025-02-14,Одежда,Сибирь,small,FBS,south,organic,1
101044,2024-12-17,2025-02-10,Обувь,Юг,medium,FBO,south,partner,1
101045,2023-11-23,2023-12-20,Красота,Урал,small,FBO,north,partner,1
101046,2023-07-11,2023-08-25,Детские товары,Урал,micro,mixed,south,organic,1
101047,2026-02-16,2026-02-25,Одежда,Москва и МО,small,mixed,south,referral,1
101048,2024-03-13,2024-04-14,Товары для животных,Москва и МО,medium,mixed,north,organic,0
101049,2025-05-07,2025-05-09,Электроника,Москва и МО,large,FBO,center,organic,0
101050,2025-04-13,2025-04-23,Обувь,Москва и МО,micro,mixed,south,ads,0
101051,2024-01-05,2024-02-21,Обувь,Москва и МО,large,mixed,west,offline_event,0
101052,2024-01-30,2024-02-05,Красота,Санкт-Петербург,medium,FBS,west,offline_event,0
101053,2025-03-19,2025-04-15,Товары для животных,Москва и МО,small,FBS,center,ads,0
101054,2024-06-21,2024-08-13,Одежда,Сибирь,micro,FBO,south,partner,1
101055,2026-01-26,2026-04-18,Одежда,Юг,micro,FBS,center,organic,1
101056,2024-09-27,2024-10-31,Одежда,Сибирь,micro,FBO,center,organic,0
101057,2024-12-24,2025-02-05,Обувь,Центр,micro,mixed,center,partner,1
101058,2025-07-12,2025-07-22,Товары для животных,Поволжье,medium,FBO,center,organic,0
101059,2023-12-22,2024-02-02,Одежда,Поволжье,micro,mixed,center,organic,1
101060,2025-08-04,2025-08-11,Красота,Центр,micro,FBO,north,organic,1
101061,2024-06-17,2024-08-21,Спорт,Москва и МО,small,FBO,south,offline_event,1
101062,2024-05-08,2024-05-21,Обувь,Москва и МО,medium,FBO,north,organic,1
101063,2024-11-19,2024-11-22,Электроника,Урал,small,FBS,north,partner,0
101064,2023-10-08,2023-12-29,Обувь,Поволжье,small,FBO,east,partner,1
101065,2025-05-17,2025-05-20,Обувь,Сибирь,small,FBO,west,referral,1
101066,2024-02-29,2024-03-03,Дом,Урал,medium,FBO,east,organic,1
101067,2025-01-07,2025-01-28,Одежда,Москва и МО,small,FBS,west,referral,0
101068,2025-09-07,2025-09-09,Обувь,Юг,micro,FBO,east,ads,1
101069,2025-03-12,2025-04-08,Красота,Москва и МО,micro,FBO,north,partner,1
101070,2024-02-23,2024-03-28,Красота,Центр,micro,FBS,center,organic,1
101071,2025-03-13,2025-03-24,Одежда,Санкт-Петербург,small,FBO,west,organic,1
101072,2025-04-10,2025-04-20,Одежда,Урал,micro,FBS,east,offline_event,1
101073,2024-06-26,2024-07-08,Аксессуары,Юг,small,FBS,south,partner,1
101074,2025-10-13,2025-11-07,Электроника,Юг,micro,FBO,south,organic,1
101075,2024-04-18,2024-06-16,Одежда,Поволжье,medium,FBS,center,organic,1
101076,2024-06-28,2024-07-21,Красота,Москва и МО,medium,FBO,center,organic,0
101077,2024-04-06,2024-05-02,Канцелярия,Центр,medium,FBO,east,ads,1
101078,2025-08-28,2025-09-06,Детские товары,Центр,small,FBS,center,partner,1
101079,2025-09-14,2025-09-28,Красота,Урал,small,mixed,east,organic,1
101080,2025-08-17,2025-09-09,Красота,Москва и МО,micro,FBS,west,ads,0
101081,2024-10-29,2024-11-30,Красота,Центр,micro,FBS,east,partner,1
101082,2025-01-17,2025-02-22,Красота,Урал,micro,FBO,center,offline_event,1
101083,2024-10-28,2024-11-15,Спорт,Урал,large,FBO,south,offline_event,0
101084,2024-09-20,2024-11-23,Спорт,Москва и МО,small,FBO,center,organic,0
101085,2024-01-18,2024-02-07,Товары для животных,Поволжье,micro,FBO,center,offline_event,0
101086,2024-09-08,2024-09-16,Дом,Москва и МО,micro,FBO,south,ads,1
101087,2026-02-08,2026-03-16,Одежда,Юг,micro,FBO,north,ads,1
101088,2024-12-23,2025-03-22,Аксессуары,Центр,micro,FBS,south,ads,1
101089,2024-05-14,2024-06-24,Одежда,Москва и МО,medium,FBS,west,ads,1
101090,2024-12-27,2025-02-20,Дом,Санкт-Петербург,micro,FBS,east,partner,1
101091,2024-05-11,2024-06-29,Обувь,Санкт-Петербург,small,FBS,north,referral,1
101092,2026-01-11,2026-03-04,Одежда,Центр,small,mixed,east,organic,1
101093,2026-03-11,2026-04-18,Детские товары,Москва и МО,micro,mixed,center,organic,1
101094,2025-09-15,2025-10-31,Дом,Сибирь,micro,FBO,west,offline_event,1
101095,2025-04-13,2025-05-04,Одежда,Юг,micro,FBS,west,referral,1
101096,2025-07-06,2025-08-18,Детские товары,Сибирь,small,FBO,south,organic,1
101097,2024-03-08,2024-04-15,Спорт,Урал,medium,FBS,west,organic,0
101098,2025-03-10,2025-04-19,Одежда,Поволжье,small,FBS,south,offline_event,1
101099,2023-08-18,2023-09-13,Одежда,Юг,micro,FBS,east,organic,1
101100,2023-10-11,2023-11-25,Дом,Урал,small,FBO,center,organic,1
101101,2025-11-02,2025-11-08,Дом,Поволжье,medium,FBO,south,partner,1
101102,2025-05-28,2025-07-01,Обувь,Центр,small,FBO,south,organic,0
101103,2024-10-21,2024-11-19,Обувь,Центр,small,FBS,north,organic,0
101104,2024-01-15,2024-03-06,Дом,Поволжье,small,FBO,north,ads,1
101105,2026-01-01,2026-01-18,Спорт,Юг,medium,FBS,center,referral,1
101106,2023-11-25,2023-12-03,Обувь,Сибирь,small,mixed,east,partner,1
101107,2026-01-22,2026-01-29,Детские товары,Центр,small,FBS,center,partner,1
101108,2024-12-02,2024-12-08,Одежда,Москва и МО,small,FBO,south,partner,1
101109,2025-06-28,2025-07-07,Спорт,Москва и МО,medium,FBS,south,organic,1
101110,2024-03-16,2024-04-21,Детские товары,Москва и МО,small,FBS,east,partner,1
101111,2025-10-17,2025-11-12,Одежда,Москва и МО,small,FBO,south,organic,1
101112,2025-09-30,2025-12-18,Одежда,Юг,small,mixed,east,organic,1
101113,2024-01-01,2024-01-03,Товары для животных,Юг,small,mixed,south,partner,1
101114,2024-07-05,2024-07-16,Обувь,Поволжье,small,FBS,west,partner,1
101115,2023-09-29,2023-11-05,Канцелярия,Санкт-Петербург,medium,FBS,east,ads,1
101116,2023-10-18,2023-10-30,Спорт,Поволжье,medium,FBS,south,partner,0
101117,2024-10-22,2024-12-27,Электроника,Поволжье,small,FBO,center,partner,0
101118,2025-04-12,2025-05-19,Одежда,Москва и МО,micro,mixed,center,organic,1
101119,2024-01-07,2024-01-15,Обувь,Дальний Восток,micro,mixed,south,ads,0
101120,2024-10-23,2024-10-31,Спорт,Юг,micro,FBO,north,organic,0
101121,2026-01-17,2026-02-13,Спорт,Поволжье,micro,FBO,center,organic,0
101122,2025-06-12,2025-07-26,Дом,Москва и МО,micro,FBO,south,partner,0
101123,2024-04-01,2024-04-14,Одежда,Поволжье,small,FBO,center,organic,0
101124,2023-08-21,2023-09-02,Электроника,Юг,small,FBO,west,organic,1
101125,2026-02-12,2026-03-09,Дом,Урал,small,FBO,south,ads,1
101126,2023-12-08,2023-12-23,Товары для животных,Сибирь,small,FBS,center,referral,1
101127,2025-11-02,2025-11-09,Аксессуары,Центр,small,FBO,center,ads,1
101128,2024-02-17,2024-04-04,Канцелярия,Юг,micro,FBO,east,offline_event,0
101129,2024-12-25,2025-02-27,Товары для животных,Москва и МО,medium,FBO,center,ads,1
101130,2024-10-01,2024-10-29,Одежда,Поволжье,micro,FBS,west,organic,1
101131,2025-02-10,2025-02-19,Аксессуары,Юг,micro,FBS,south,organic,1
101132,2023-07-24,2023-08-01,Товары для животных,Поволжье,medium,FBO,center,ads,0
101133,2025-02-13,2025-03-15,Одежда,Юг,micro,mixed,north,ads,0
101134,2026-02-20,2026-03-07,Канцелярия,Поволжье,micro,FBS,center,organic,1
101135,2025-01-16,2025-02-23,Спорт,Сибирь,micro,FBO,center,ads,1
101136,2024-08-25,2024-09-27,Одежда,Дальний Восток,micro,FBO,center,organic,0
101137,2023-12-27,2024-02-14,Дом,Москва и МО,micro,FBS,north,partner,1
101138,2025-03-13,2025-04-01,Электроника,Центр,medium,FBO,center,organic,1
101139,2025-11-29,2026-01-29,Товары для животных,Центр,small,FBO,north,organic,0
101140,2024-11-19,2024-12-19,Товары для животных,Москва и МО,micro,FBS,east,ads,1
101141,2025-11-18,2025-12-16,Одежда,Центр,medium,FBO,east,offline_event,1
101142,2024-02-29,2024-05-07,Одежда,Центр,large,FBS,west,partner,1
101143,2025-10-23,2025-11-02,Спорт,Центр,micro,FBO,east,referral,1
101144,2025-07-12,2025-08-17,Одежда,Москва и МО,medium,FBO,east,partner,1
101145,2025-11-24,2025-12-19,Спорт,Поволжье,micro,mixed,east,referral,1
101146,2024-08-30,2024-10-02,Дом,Центр,small,FBO,north,organic,0
101147,2025-03-05,2025-04-07,Дом,Москва и МО,medium,FBS,east,ads,1
101148,2024-09-30,2024-11-10,Дом,Урал,small,FBO,west,organic,1
101149,2025-05-17,2025-06-08,Аксессуары,Центр,medium,mixed,north,organic,1
101150,2023-11-19,2023-12-13,Красота,Санкт-Петербург,small,FBO,center,partner,1
101151,2025-09-20,2025-10-11,Спорт,Москва и МО,medium,FBS,east,partner,1
101152,2024-04-04,2024-05-10,Товары для животных,Центр,medium,FBS,south,offline_event,1
101153,2024-09-30,2024-11-24,Спорт,Центр,medium,mixed,north,referral,0
101154,2024-09-10,2024-10-27,Товары для животных,Сибирь,medium,FBS,east,organic,1
101155,2025-03-28,2025-03-31,Дом,Поволжье,small,mixed,center,ads,0
101156,2023-10-23,2023-11-02,Одежда,Москва и МО,small,mixed,east,organic,0
101157,2025-01-21,2025-02-10,Спорт,Поволжье,micro,FBO,center,referral,1
101158,2026-02-12,2026-04-09,Красота,Сибирь,small,FBS,south,partner,1
101159,2024-08-21,2024-09-09,Красота,Санкт-Петербург,small,FBS,center,partner,1
101160,2025-01-21,2025-03-12,Электроника,Центр,small,FBO,center,ads,0
101161,2024-09-17,2024-09-24,Одежда,Москва и МО,micro,FBS,north,organic,1
101162,2023-09-19,2023-10-16,Красота,Сибирь,medium,FBO,south,ads,1
101163,2025-04-22,2025-05-25,Детские товары,Поволжье,micro,mixed,south,partner,1
101164,2024-02-26,2024-04-09,Красота,Сибирь,medium,mixed,west,partner,0
101165,2026-01-05,2026-01-31,Дом,Урал,micro,FBS,center,ads,0
101166,2024-08-31,2024-09-04,Одежда,Москва и МО,small,FBO,east,referral,1
101167,2024-04-08,2024-06-06,Красота,Центр,small,FBO,east,partner,0
101168,2024-12-26,2025-02-17,Детские товары,Юг,small,FBS,east,offline_event,1
101169,2026-02-11,2026-03-17,Одежда,Урал,large,mixed,south,referral,1
101170,2025-08-20,2025-09-14,Обувь,Санкт-Петербург,small,FBO,south,organic,1
101171,2024-12-10,2024-12-28,Детские товары,Москва и МО,medium,FBO,center,partner,0
101172,2024-04-06,2024-05-03,Одежда,Поволжье,small,FBO,east,offline_event,0
101173,2024-07-09,2024-08-11,Одежда,Юг,small,FBS,north,ads,1
101174,2024-06-29,2024-07-22,Одежда,Поволжье,small,mixed,north,offline_event,0
101175,2025-06-29,2025-07-22,Красота,Москва и МО,small,FBO,center,partner,1
101176,2025-03-26,2025-04-03,Обувь,Дальний Восток,micro,FBO,east,organic,1
101177,2025-11-28,2025-12-14,Товары для животных,Урал,small,FBS,center,organic,1
101178,2025-07-25,2025-08-06,Красота,Москва и МО,micro,mixed,east,organic,1
101179,2024-02-14,2024-03-15,Аксессуары,Юг,small,FBS,west,organic,1
101180,2026-01-17,2026-02-16,Дом,Центр,micro,FBS,center,ads,1
101181,2023-11-16,2024-01-07,Одежда,Поволжье,micro,FBO,north,ads,1
101182,2023-08-04,2023-10-15,Красота,Поволжье,micro,FBO,east,referral,1
101183,2024-06-16,2024-07-11,Красота,Сибирь,micro,FBO,south,partner,1
101184,2025-07-21,2025-08-05,Одежда,Москва и МО,small,FBO,south,offline_event,1
101185,2024-02-19,2024-03-20,Спорт,Урал,micro,FBO,west,organic,0
101186,2024-11-10,2024-12-04,Красота,Урал,micro,FBS,center,organic,1
101187,2026-01-27,2026-02-15,Красота,Москва и МО,medium,FBO,east,offline_event,0
101188,2024-07-28,2024-08-21,Дом,Урал,small,FBO,north,organic,1
101189,2023-08-08,2023-09-06,Одежда,Санкт-Петербург,small,FBO,south,offline_event,1
101190,2025-04-07,2025-04-18,Красота,Москва и МО,small,mixed,east,organic,1
101191,2025-02-26,2025-03-08,Спорт,Дальний Восток,large,FBS,east,partner,1
101192,2024-10-09,2024-11-01,Товары для животных,Москва и МО,micro,mixed,north,organic,1
101193,2023-10-09,2023-11-24,Дом,Поволжье,small,FBO,south,organic,1
101194,2025-12-28,2026-02-09,Обувь,Центр,micro,FBO,north,organic,0
101195,2023-12-28,2024-02-20,Красота,Юг,micro,FBO,south,organic,0
101196,2025-06-22,2025-07-24,Одежда,Сибирь,micro,FBS,center,offline_event,1
101197,2023-11-30,2024-01-23,Одежда,Дальний Восток,micro,FBO,east,ads,1
101198,2024-08-29,2024-09-12,Одежда,Москва и МО,micro,mixed,north,offline_event,1
101199,2024-01-09,2024-02-17,Товары для животных,Сибирь,micro,FBS,west,organic,1
101200,2025-02-15,2025-02-22,Одежда,Поволжье,micro,FBO,north,organic,0
101201,2026-01-22,2026-02-19,Одежда,Москва и МО,micro,FBS,north,organic,1
101202,2024-06-21,2024-07-21,Товары для животных,Москва и МО,micro,FBO,center,partner,1
101203,2025-02-15,2025-03-28,Красота,Центр,small,FBS,west,organic,1
101204,2024-12-22,2025-01-10,Одежда,Сибирь,micro,FBS,center,partner,1
101205,2025-12-29,2026-01-31,Одежда,Урал,small,FBS,south,ads,0
101206,2024-06-23,2024-07-30,Одежда,Дальний Восток,small,FBO,center,offline_event,1
101207,2023-09-18,2023-10-06,Детские товары,Центр,micro,FBS,north,partner,1
101208,2025-09-13,2025-11-02,Одежда,Центр,micro,FBO,west,referral,1
101209,2024-12-03,2024-12-31,Электроника,Санкт-Петербург,small,mixed,east,organic,0
101210,2026-03-13,2026-03-28,Товары для животных,Москва и МО,small,FBO,north,organic,1
101211,2024-06-01,2024-06-21,Электроника,Центр,micro,FBO,center,organic,1
101212,2025-09-18,2025-11-23,Спорт,Москва и МО,large,FBO,north,ads,0
101213,2025-02-20,2025-03-26,Обувь,Москва и МО,medium,FBS,east,ads,1
101214,2026-01-07,2026-01-24,Одежда,Москва и МО,small,mixed,center,partner,0
101215,2024-06-03,2024-06-29,Красота,Урал,small,mixed,center,partner,0
101216,2025-04-24,2025-06-05,Одежда,Урал,small,FBS,west,partner,1
101217,2024-02-02,2024-02-19,Детские товары,Центр,small,FBS,center,partner,1
101218,2026-02-08,2026-03-31,Одежда,Дальний Восток,micro,mixed,south,partner,1
101219,2024-10-18,2024-10-30,Детские товары,Юг,micro,mixed,north,ads,1
101220,2023-09-16,2023-09-27,Красота,Поволжье,micro,mixed,north,organic,1
101221,2024-05-15,2024-06-07,Одежда,Москва и МО,medium,FBS,east,offline_event,1
101222,2025-12-23,2026-02-08,Одежда,Поволжье,small,FBO,center,referral,1
101223,2024-03-04,2024-03-26,Красота,Москва и МО,medium,FBS,west,organic,1
101224,2023-07-28,2023-08-09,Электроника,Санкт-Петербург,small,FBS,south,partner,1
101225,2023-11-14,2023-12-18,Детские товары,Центр,micro,FBS,south,ads,1
101226,2025-02-01,2025-04-10,Обувь,Поволжье,medium,FBO,center,partner,1
101227,2025-12-26,2026-01-27,Спорт,Юг,micro,FBS,north,referral,0
101228,2024-10-29,2024-12-10,Обувь,Сибирь,small,mixed,west,partner,1
101229,2026-03-16,,Красота,Центр,medium,FBO,west,organic,1
101230,2024-03-01,2024-04-07,Аксессуары,Центр,small,FBO,center,referral,0
101231,2025-05-04,2025-06-03,Одежда,Центр,small,FBO,west,organic,1
101232,2023-08-17,2023-09-30,Дом,Сибирь,micro,FBS,north,referral,1
101233,2023-12-16,2024-01-27,Обувь,Санкт-Петербург,micro,FBO,north,partner,0
101234,2024-02-24,2024-03-27,Одежда,Сибирь,micro,FBS,south,offline_event,1
101235,2024-06-24,2024-07-05,Дом,Москва и МО,micro,FBO,east,ads,1
101236,2024-02-16,2024-03-29,Электроника,Поволжье,medium,FBS,center,offline_event,1
101237,2025-06-17,2025-06-22,Детские товары,Сибирь,large,FBS,center,organic,1
101238,2025-02-28,2025-04-23,Детские товары,Урал,medium,FBO,center,organic,0
101239,2024-03-21,2024-05-01,Дом,Поволжье,small,FBS,east,organic,1
101240,2024-06-09,2024-07-26,Одежда,Поволжье,micro,FBS,center,partner,1
101241,2024-03-06,2024-04-01,Красота,Москва и МО,small,mixed,west,partner,1
101242,2025-05-03,2025-07-16,Дом,Москва и МО,small,FBO,south,offline_event,1
101243,2025-04-17,2025-05-20,Дом,Урал,micro,FBO,west,organic,0
101244,2023-11-26,2024-01-04,Обувь,Сибирь,small,mixed,south,organic,1
101245,2025-08-08,2025-09-04,Товары для животных,Урал,medium,FBS,south,offline_event,1
101246,2023-11-16,2023-12-27,Обувь,Урал,small,FBO,east,organic,1
101247,2025-01-31,2025-03-10,Дом,Москва и МО,small,mixed,east,organic,1
101248,2025-12-20,2026-02-05,Канцелярия,Юг,small,FBS,north,partner,1
101249,2025-02-08,2025-02-26,Одежда,Москва и МО,micro,FBO,west,ads,0
101250,2025-12-27,2026-02-16,Одежда,Центр,micro,FBO,north,partner,1
101251,2023-12-22,2024-01-10,Электроника,Центр,medium,FBS,north,referral,0
101252,2025-11-08,2025-11-27,Товары для животных,Москва и МО,medium,FBO,north,organic,0
101253,2023-12-22,2024-02-06,Канцелярия,Москва и МО,small,FBO,center,referral,0
101254,2025-01-15,2025-01-18,Дом,Москва и МО,micro,FBO,south,organic,0
101255,2025-12-05,2025-12-15,Детские товары,Москва и МО,micro,FBS,west,referral,1
101256,2023-12-28,2024-04-08,Детские товары,Дальний Восток,medium,FBS,south,ads,1
101257,2024-04-12,2024-05-23,Одежда,Сибирь,micro,FBO,south,organic,0
101258,2023-11-17,2024-01-19,Аксессуары,Дальний Восток,small,FBS,south,organic,1
101259,2026-01-20,2026-02-07,Детские товары,Поволжье,large,FBO,center,referral,1
101260,2025-01-20,2025-02-11,Дом,Сибирь,medium,FBS,south,partner,1
101261,2023-08-27,2023-10-30,Дом,Центр,micro,FBS,east,offline_event,0
101262,2024-09-27,2024-10-27,Обувь,Москва и МО,medium,FBO,north,partner,1
101263,2024-10-19,2024-10-26,Одежда,Сибирь,micro,FBO,north,partner,0
101264,2024-12-17,2025-01-05,Одежда,Сибирь,medium,FBO,south,referral,0
101265,2025-11-15,2026-01-15,Красота,Сибирь,medium,FBS,center,partner,1
101266,2023-11-05,2023-11-08,Одежда,Юг,medium,FBO,west,partner,1
101267,2026-03-05,2026-03-15,Обувь,Москва и МО,medium,FBO,west,organic,0
101268,2024-08-12,2024-10-03,Дом,Урал,micro,FBS,south,organic,1
101269,2025-07-05,2025-07-26,Спорт,Центр,small,mixed,center,ads,1
101270,2025-09-23,2025-10-23,Спорт,Юг,micro,FBO,north,ads,0
101271,2024-05-31,2024-06-07,Дом,Центр,micro,mixed,north,organic,1
101272,2024-04-23,2024-06-18,Дом,Москва и МО,micro,FBS,west,organic,1
101273,2023-09-21,2023-11-02,Детские товары,Юг,small,FBO,north,organic,0
101274,2025-03-01,2025-03-20,Обувь,Москва и МО,small,FBS,west,organic,0
101275,2023-10-02,2023-10-09,Детские товары,Санкт-Петербург,large,FBO,south,ads,0
101276,2023-10-30,2023-12-17,Дом,Санкт-Петербург,micro,FBO,east,referral,1
101277,2025-06-20,2025-07-06,Дом,Москва и МО,micro,mixed,west,organic,0
101278,2026-03-02,2026-04-10,Обувь,Москва и МО,medium,FBS,center,organic,0
101279,2024-05-25,2024-05-31,Товары для животных,Юг,large,FBS,east,ads,1
101280,2024-06-15,2024-07-22,Одежда,Урал,small,FBS,center,offline_event,0
101281,2024-02-01,2024-03-16,Аксессуары,Москва и МО,micro,mixed,east,partner,1
101282,2024-01-02,2024-01-24,Красота,Поволжье,small,FBO,north,referral,1
101283,2025-02-06,2025-02-24,Детские товары,Сибирь,micro,FBS,north,partner,1
101284,2024-12-24,2025-01-12,Одежда,Центр,micro,FBS,west,referral,0
101285,2023-08-24,2023-10-11,Товары для животных,Центр,small,FBO,north,organic,1
101286,2026-02-21,2026-03-17,Дом,Центр,micro,FBO,east,offline_event,1
101287,2024-05-12,2024-06-28,Одежда,Москва и МО,micro,mixed,east,ads,1
101288,2026-01-16,2026-01-22,Спорт,Санкт-Петербург,micro,mixed,south,organic,1
101289,2024-09-20,2024-10-16,Одежда,Санкт-Петербург,small,FBO,west,organic,1
101290,2024-04-25,2024-05-22,Дом,Центр,micro,FBO,center,organic,1
101291,2024-08-18,2024-09-06,Электроника,Центр,small,FBS,south,organic,0
101292,2025-11-15,2025-12-17,Спорт,Поволжье,medium,FBO,south,organic,1
101293,2023-07-16,2023-10-02,Обувь,Санкт-Петербург,micro,FBO,north,ads,1
101294,2025-12-19,2026-01-05,Одежда,Урал,micro,FBO,center,partner,1
101295,2024-02-11,2024-03-11,Дом,Урал,micro,FBO,center,organic,0
101296,2023-07-21,2023-08-18,Дом,Центр,micro,mixed,south,organic,0
101297,2024-04-13,2024-05-19,Красота,Поволжье,micro,FBS,south,organic,0
101298,2025-12-24,2026-01-30,Товары для животных,Москва и МО,large,FBS,west,organic,1
101299,2024-03-30,2024-05-15,Товары для животных,Дальний Восток,micro,FBS,center,partner,0
101300,2025-04-07,2025-04-22,Товары для животных,Сибирь,medium,mixed,north,organic,0
101301,2023-11-10,2023-12-21,Одежда,Сибирь,micro,mixed,center,ads,0
101302,2024-03-08,2024-03-25,Дом,Поволжье,medium,FBO,center,partner,0
101303,2023-11-06,2023-12-15,Детские товары,Сибирь,micro,FBO,center,partner,1
101304,2025-03-03,2025-04-14,Одежда,Поволжье,micro,FBS,north,organic,1
101305,2025-08-26,2025-10-19,Красота,Москва и МО,micro,FBO,north,organic,1
101306,2024-12-19,2025-01-23,Красота,Юг,small,FBO,center,partner,1
101307,2024-06-25,2024-07-18,Канцелярия,Центр,micro,FBS,north,partner,1
101308,2024-09-24,2024-11-10,Товары для животных,Сибирь,large,FBO,south,organic,1
101309,2024-08-28,2024-09-25,Одежда,Сибирь,small,mixed,east,organic,0
101310,2023-07-27,2023-08-20,Обувь,Сибирь,medium,FBO,east,ads,1
101311,2025-05-08,2025-07-13,Красота,Урал,micro,FBO,center,organic,1
101312,2023-08-07,2023-09-26,Детские товары,Поволжье,small,FBO,east,organic,0
101313,2023-08-24,2023-09-04,Обувь,Дальний Восток,micro,FBO,south,referral,1
101314,2025-09-05,2025-09-30,Детские товары,Центр,micro,mixed,west,organic,1
101315,2026-01-18,2026-02-04,Обувь,Поволжье,small,FBO,west,organic,0
101316,2024-12-14,2024-12-24,Аксессуары,Дальний Восток,small,FBS,south,ads,1
101317,2025-05-13,2025-06-16,Электроника,Юг,micro,mixed,north,ads,1
101318,2024-06-18,2024-07-11,Красота,Центр,small,FBS,center,organic,1
101319,2026-01-04,2026-01-18,Одежда,Центр,small,FBO,east,referral,0
101320,2025-07-25,2025-08-03,Одежда,Урал,micro,FBO,west,organic,1
101321,2023-10-31,2023-12-03,Обувь,Сибирь,micro,mixed,center,referral,1
101322,2024-09-12,2024-10-15,Красота,Урал,small,FBS,north,referral,1
101323,2025-06-14,2025-06-27,Дом,Москва и МО,small,FBS,south,partner,1
101324,2024-12-21,2025-01-06,Обувь,Центр,micro,FBO,center,referral,0
101325,2025-09-03,2025-09-09,Красота,Поволжье,small,FBS,north,organic,1
101326,2025-11-15,2025-12-22,Обувь,Москва и МО,micro,FBO,east,ads,1
101327,2024-01-28,2024-02-02,Одежда,Центр,micro,FBO,north,partner,1
101328,2024-11-15,2024-12-20,Одежда,Москва и МО,micro,FBO,center,offline_event,1
101329,2026-03-15,2026-04-03,Одежда,Юг,small,FBO,west,organic,1
101330,2025-01-21,2025-02-20,Обувь,Поволжье,micro,mixed,east,ads,1
101331,2023-10-09,2023-11-03,Товары для животных,Санкт-Петербург,micro,FBO,north,ads,1
101332,2024-04-03,2024-06-01,Обувь,Центр,medium,FBS,east,organic,1
101333,2024-05-02,2024-05-30,Дом,Центр,medium,FBO,west,referral,0
101334,2024-06-16,2024-07-06,Аксессуары,Урал,micro,mixed,west,organic,1
101335,2025-03-12,2025-04-01,Одежда,Москва и МО,small,FBS,north,organic,1
101336,2024-10-10,2024-10-31,Красота,Москва и МО,medium,FBO,center,organic,1
101337,2023-08-12,2023-09-14,Красота,Москва и МО,micro,FBO,south,partner,1
101338,2024-01-10,2024-02-06,Дом,Сибирь,small,FBS,center,offline_event,0
101339,2025-04-07,2025-05-14,Спорт,Поволжье,micro,mixed,center,organic,0
101340,2026-01-04,2026-01-14,Аксессуары,Санкт-Петербург,small,FBS,north,organic,0
101341,2024-07-03,2024-08-17,Электроника,Поволжье,small,FBO,south,partner,1
101342,2025-06-10,2025-06-24,Одежда,Урал,micro,FBS,east,organic,1
101343,2024-09-29,2024-10-29,Дом,Центр,medium,mixed,center,organic,1
101344,2024-01-18,2024-01-24,Обувь,Москва и МО,small,FBS,east,partner,1
101345,2024-01-22,2024-02-25,Одежда,Поволжье,micro,mixed,east,partner,1
101346,2023-11-11,2024-01-24,Электроника,Поволжье,micro,FBO,west,organic,1
101347,2025-09-23,2025-10-04,Товары для животных,Москва и МО,medium,mixed,center,organic,0
101348,2024-06-13,2024-06-26,Красота,Центр,large,mixed,west,organic,1
101349,2025-07-17,2025-09-03,Спорт,Москва и МО,small,FBS,south,referral,1
101350,2024-10-14,2025-01-10,Аксессуары,Москва и МО,medium,mixed,center,organic,0
101351,2023-09-15,2023-10-07,Аксессуары,Москва и МО,small,FBO,north,organic,1
101352,2025-12-02,2025-12-17,Детские товары,Юг,micro,mixed,center,offline_event,1
101353,2026-01-21,2026-02-07,Одежда,Санкт-Петербург,medium,mixed,center,organic,0
101354,2025-08-02,2025-08-08,Спорт,Москва и МО,large,FBO,south,ads,0
101355,2025-07-28,2025-08-06,Красота,Центр,micro,mixed,east,offline_event,1
101356,2024-03-27,2024-04-23,Одежда,Сибирь,medium,FBS,west,organic,1
101357,2023-08-23,2023-09-08,Канцелярия,Дальний Восток,small,FBS,center,organic,1
101358,2025-09-13,2025-11-13,Одежда,Сибирь,micro,FBS,south,partner,0
101359,2024-10-31,2024-11-21,Одежда,Центр,micro,FBO,center,organic,1
101360,2025-11-24,2025-12-24,Электроника,Юг,small,FBS,center,organic,1
101361,2023-09-11,2023-09-17,Дом,Москва и МО,small,FBS,east,organic,0
101362,2025-06-17,2025-07-05,Одежда,Центр,micro,FBO,south,partner,1
101363,2026-02-18,2026-03-13,Товары для животных,Урал,small,mixed,north,partner,1
101364,2025-08-15,2025-09-17,Одежда,Центр,small,FBS,north,organic,1
101365,2025-09-12,2025-11-09,Обувь,Центр,micro,FBO,east,offline_event,1
101366,2024-11-28,2024-12-16,Обувь,Сибирь,micro,FBS,south,organic,1
101367,2024-07-16,2024-07-31,Одежда,Юг,medium,FBO,south,organic,1
101368,2024-12-16,2025-01-08,Одежда,Москва и МО,micro,FBS,east,referral,1
101369,2025-05-16,2025-07-08,Одежда,Поволжье,large,FBS,west,partner,0
101370,2025-04-23,2025-04-25,Одежда,Поволжье,micro,FBS,north,organic,1
101371,2025-12-04,2026-01-30,Одежда,Поволжье,small,mixed,center,offline_event,1
101372,2026-01-17,2026-01-26,Электроника,Москва и МО,large,FBS,center,referral,1
101373,2023-09-18,2023-10-01,Одежда,Санкт-Петербург,small,FBS,north,organic,1
101374,2025-02-03,2025-03-25,Электроника,Москва и МО,large,FBS,west,organic,1
101375,2025-01-19,2025-02-20,Дом,Юг,micro,FBO,south,partner,1
101376,2024-09-10,2024-10-09,Канцелярия,Москва и МО,small,FBS,center,organic,1
101377,2025-04-22,2025-05-31,Красота,Юг,micro,FBO,south,referral,1
101378,2025-12-02,2025-12-25,Одежда,Центр,micro,mixed,north,ads,1
101379,2024-11-20,2024-12-14,Одежда,Урал,small,FBS,center,offline_event,1
101380,2025-07-20,2025-08-05,Аксессуары,Центр,micro,FBS,center,organic,1
101381,2024-06-23,2024-07-28,Одежда,Москва и МО,medium,mixed,west,organic,1
101382,2023-11-17,2023-12-04,Одежда,Центр,micro,FBO,west,organic,1
101383,2023-10-17,2023-11-14,Дом,Поволжье,medium,FBO,center,ads,1
101384,2024-10-25,2024-12-12,Одежда,Москва и МО,micro,FBO,center,organic,1
101385,2023-12-31,2024-01-09,Канцелярия,Центр,small,FBO,south,referral,0
101386,2025-04-21,2025-05-17,Одежда,Центр,micro,FBO,west,organic,0
101387,2025-03-19,2025-04-23,Красота,Москва и МО,micro,FBO,north,organic,1
101388,2025-12-07,2026-03-01,Одежда,Санкт-Петербург,small,FBO,center,partner,1
101389,2025-07-23,2025-09-23,Аксессуары,Центр,small,FBO,center,organic,0
101390,2024-07-05,2024-07-22,Красота,Центр,micro,mixed,center,ads,1
101391,2025-05-05,2025-05-08,Одежда,Москва и МО,micro,FBS,north,ads,1
101392,2025-01-15,2025-02-23,Одежда,Москва и МО,medium,FBS,west,ads,1
101393,2025-03-26,2025-04-10,Красота,Москва и МО,large,FBS,center,referral,1
101394,2025-11-23,2025-12-29,Красота,Урал,micro,FBS,east,partner,1
101395,2024-03-30,2024-05-07,Красота,Москва и МО,large,FBS,east,organic,1
101396,2023-10-05,2023-11-27,Дом,Москва и МО,small,FBO,east,organic,1
101397,2023-11-16,2023-12-03,Канцелярия,Сибирь,large,mixed,east,referral,1
101398,2023-10-03,2023-12-12,Спорт,Юг,micro,FBO,center,organic,1
101399,2024-03-13,2024-05-17,Одежда,Санкт-Петербург,micro,FBO,west,referral,1
101400,2025-03-24,2025-04-15,Аксессуары,Поволжье,micro,FBO,east,ads,1
101401,2023-09-10,2023-09-13,Одежда,Москва и МО,small,FBO,east,ads,1
101402,2025-10-25,2025-12-01,Товары для животных,Юг,micro,FBO,center,partner,0
101403,2024-08-22,2024-09-21,Обувь,Сибирь,micro,FBO,south,partner,1
101404,2024-02-18,2024-03-07,Электроника,Поволжье,medium,mixed,south,offline_event,1
101405,2025-08-30,2025-10-15,Одежда,Поволжье,micro,FBS,center,organic,1
101406,2026-02-25,2026-03-20,Красота,Поволжье,small,FBS,south,referral,0
101407,2024-01-13,2024-02-21,Обувь,Урал,micro,FBO,center,partner,1
101408,2025-07-20,2025-10-16,Спорт,Сибирь,micro,FBS,center,organic,1
101409,2025-09-24,2025-09-29,Обувь,Поволжье,micro,FBO,south,organic,1
101410,2025-10-11,2025-11-21,Одежда,Москва и МО,small,FBS,center,referral,1
101411,2023-10-27,2023-11-14,Спорт,Сибирь,small,mixed,south,ads,1
101412,2025-02-12,2025-03-11,Обувь,Санкт-Петербург,small,mixed,west,organic,1
101413,2025-04-19,2025-04-28,Красота,Центр,medium,FBO,center,partner,1
101414,2024-09-29,2024-10-13,Обувь,Юг,small,mixed,north,organic,1
101415,2025-06-17,2025-07-06,Электроника,Урал,micro,FBS,east,referral,1
101416,2024-10-28,2024-11-04,Дом,Сибирь,micro,FBO,north,organic,1
101417,2025-07-10,2025-07-27,Одежда,Санкт-Петербург,micro,FBO,north,offline_event,0
101418,2023-10-07,2023-12-18,Аксессуары,Центр,large,FBS,north,referral,1
101419,2025-09-26,2025-10-27,Электроника,Москва и МО,micro,FBS,north,organic,1
101420,2024-05-05,2024-05-30,Электроника,Сибирь,micro,FBS,west,ads,1
101421,2025-10-10,2025-11-02,Дом,Москва и МО,micro,FBO,south,organic,1
101422,2023-11-16,2023-11-28,Одежда,Сибирь,micro,FBS,center,ads,0
101423,2023-10-01,2023-10-24,Одежда,Центр,large,FBO,center,organic,1
101424,2024-10-15,2024-10-29,Дом,Урал,small,FBS,west,ads,1
101425,2023-08-26,2023-09-23,Дом,Центр,small,FBO,west,referral,1
101426,2024-06-01,2024-07-10,Одежда,Сибирь,micro,FBO,north,ads,1
101427,2025-03-10,2025-04-16,Одежда,Центр,micro,mixed,center,organic,1
101428,2024-12-08,2025-01-05,Канцелярия,Юг,micro,FBS,north,organic,1
101429,2026-01-06,2026-03-02,Спорт,Юг,small,FBS,north,ads,1
101430,2024-11-27,2024-12-04,Электроника,Санкт-Петербург,micro,FBO,north,ads,1
101431,2025-08-03,2025-10-10,Дом,Москва и МО,micro,FBS,north,organic,0
101432,2024-06-14,2024-07-22,Красота,Поволжье,small,FBO,south,organic,1
101433,2024-12-30,2025-01-21,Обувь,Поволжье,micro,FBS,south,referral,1
101434,2025-11-11,2025-12-19,Обувь,Москва и МО,small,mixed,east,organic,1
101435,2024-12-05,2024-12-16,Красота,Поволжье,micro,FBO,north,referral,1
101436,2025-11-07,2026-01-02,Одежда,Юг,micro,FBS,west,ads,1
101437,2025-01-11,2025-01-17,Красота,Центр,small,mixed,center,organic,0
101438,2025-12-15,2026-02-06,Одежда,Поволжье,micro,mixed,east,organic,0
101439,2023-12-04,2023-12-13,Одежда,Урал,micro,FBS,center,organic,1
101440,2024-11-25,2025-01-22,Детские товары,Поволжье,large,FBO,west,ads,1
101441,2024-09-13,2024-11-16,Обувь,Москва и МО,micro,FBS,center,partner,1
101442,2023-09-01,2023-09-28,Аксессуары,Центр,small,FBO,center,organic,1
101443,2025-10-27,2025-12-06,Красота,Москва и МО,micro,FBS,south,partner,0
101444,2024-08-06,2024-08-17,Товары для животных,Юг,small,FBO,east,partner,1
101445,2024-05-14,2024-08-10,Детские товары,Санкт-Петербург,micro,FBO,north,offline_event,1
101446,2024-12-07,2024-12-31,Канцелярия,Москва и МО,micro,FBO,center,partner,0
101447,2025-12-05,2025-12-20,Красота,Санкт-Петербург,medium,mixed,south,ads,1
101448,2025-07-23,2025-08-20,Дом,Сибирь,micro,FBS,east,organic,1
101449,2025-03-06,2025-03-27,Обувь,Москва и МО,micro,mixed,east,partner,1
101450,2025-05-11,2025-05-23,Дом,Дальний Восток,medium,FBO,west,referral,1
101451,2025-12-29,2026-01-26,Дом,Поволжье,micro,FBS,center,organic,1
101452,2024-09-22,2024-11-05,Товары для животных,Юг,small,FBO,east,referral,0
101453,2025-05-14,2025-06-04,Детские товары,Сибирь,small,FBO,center,organic,0
101454,2023-09-12,2023-09-19,Дом,Центр,micro,FBO,south,ads,1
101455,2025-08-28,2025-10-07,Красота,Юг,micro,FBS,south,referral,1
101456,2024-10-06,2024-10-10,Одежда,Юг,micro,FBS,center,organic,0
101457,2024-03-10,2024-03-31,Обувь,Поволжье,small,FBS,south,organic,1
101458,2023-07-23,2023-09-11,Одежда,Центр,micro,FBO,center,organic,0
101459,2025-06-28,2025-07-13,Одежда,Санкт-Петербург,medium,mixed,south,organic,1
101460,2023-08-23,2023-10-06,Детские товары,Санкт-Петербург,large,FBS,east,offline_event,0
101461,2026-03-05,2026-03-21,Спорт,Санкт-Петербург,small,FBO,south,ads,1
101462,2023-12-14,2024-01-12,Дом,Поволжье,small,mixed,east,ads,1
101463,2024-12-16,2025-02-08,Обувь,Центр,micro,FBS,north,partner,0
101464,2024-09-20,2024-10-01,Одежда,Юг,small,mixed,south,ads,1
101465,2025-02-21,2025-03-16,Дом,Санкт-Петербург,micro,FBS,south,offline_event,1
101466,2025-10-11,2025-11-06,Детские товары,Москва и МО,micro,mixed,east,partner,1
101467,2025-02-24,2025-04-06,Обувь,Поволжье,medium,FBS,south,referral,0
101468,2025-06-30,2025-07-15,Дом,Центр,large,FBS,west,ads,0
101469,2025-03-30,2025-05-01,Спорт,Поволжье,medium,FBO,east,partner,0
101470,2026-01-13,2026-03-03,Аксессуары,Центр,small,mixed,west,organic,1
101471,2024-08-11,2024-09-03,Красота,Санкт-Петербург,small,FBO,east,ads,1
101472,2024-11-16,2025-01-02,Одежда,Центр,micro,FBS,center,offline_event,1
101473,2025-05-29,2025-07-25,Дом,Санкт-Петербург,micro,FBS,east,organic,1
101474,2024-08-16,2024-09-01,Спорт,Санкт-Петербург,micro,mixed,east,partner,0
101475,2023-10-31,2023-12-14,Дом,Москва и МО,medium,FBS,south,partner,1
101476,2024-02-17,2024-03-12,Одежда,Москва и МО,micro,FBO,west,ads,1
101477,2024-05-17,2024-05-26,Красота,Сибирь,small,FBS,south,offline_event,1
101478,2025-12-17,2026-01-09,Электроника,Поволжье,small,FBO,center,organic,1
101479,2024-07-11,2024-07-17,Красота,Юг,small,FBO,center,referral,1
101480,2024-02-28,2024-03-13,Канцелярия,Санкт-Петербург,micro,FBO,south,referral,0
101481,2023-08-23,2023-08-27,Детские товары,Центр,small,FBO,center,organic,1
101482,2024-09-17,2024-10-03,Детские товары,Москва и МО,micro,FBS,south,ads,0
101483,2024-08-23,2024-10-21,Спорт,Дальний Восток,micro,FBO,north,organic,1
101484,2024-04-05,2024-05-27,Детские товары,Москва и МО,micro,FBS,north,offline_event,1
101485,2026-02-02,2026-02-09,Детские товары,Центр,micro,FBS,south,organic,1
101486,2024-04-01,2024-05-02,Канцелярия,Санкт-Петербург,small,FBS,north,offline_event,1
101487,2023-09-15,2023-10-05,Товары для животных,Юг,small,FBS,north,organic,1
101488,2023-09-24,2023-10-29,Спорт,Москва и МО,micro,FBO,west,ads,0
101489,2025-08-23,2025-09-04,Дом,Сибирь,micro,FBS,west,organic,1
101490,2024-02-15,2024-03-16,Одежда,Центр,micro,FBS,east,organic,1
101491,2026-02-24,2026-03-23,Детские товары,Урал,small,FBS,north,referral,0
101492,2024-02-26,2024-04-05,Электроника,Поволжье,small,mixed,south,organic,1
101493,2025-03-06,2025-03-23,Дом,Поволжье,micro,FBS,east,partner,1
101494,2026-02-20,2026-03-14,Дом,Центр,medium,FBS,south,referral,1
101495,2024-11-02,2024-12-05,Электроника,Центр,micro,mixed,center,organic,1
101496,2024-03-25,2024-05-01,Электроника,Москва и МО,micro,FBO,south,offline_event,1
101497,2023-11-02,2023-11-29,Обувь,Дальний Восток,micro,FBS,center,offline_event,1
101498,2025-06-17,2025-07-01,Спорт,Центр,small,FBS,center,organic,0
101499,2025-12-22,2026-01-22,Дом,Поволжье,small,FBO,west,organic,1
101500,2025-07-22,2025-07-27,Одежда,Москва и МО,medium,FBO,south,referral,1
101501,2023-10-17,2023-11-19,Одежда,Санкт-Петербург,small,FBS,south,organic,0
101502,2024-06-09,2024-06-16,Дом,Урал,small,FBO,north,offline_event,1
101503,2023-07-05,2023-08-28,Одежда,Москва и МО,micro,FBO,east,partner,1
101504,2025-04-21,2025-05-06,Обувь,Москва и МО,small,FBS,north,offline_event,1
101505,2023-12-10,2023-12-29,Одежда,Сибирь,small,FBO,south,organic,1
101506,2024-03-26,2024-05-07,Дом,Москва и МО,micro,FBS,center,partner,1
101507,2024-08-25,2024-09-17,Электроника,Юг,micro,FBO,east,organic,0
101508,2025-05-06,2025-05-20,Одежда,Москва и МО,micro,FBS,center,organic,1
101509,2024-03-22,2024-04-26,Аксессуары,Поволжье,medium,FBO,west,ads,1
101510,2025-11-30,2026-01-20,Одежда,Москва и МО,micro,FBO,east,ads,1
101511,2024-10-06,2024-11-17,Канцелярия,Санкт-Петербург,medium,FBO,north,partner,1
101512,2024-09-11,2024-10-07,Красота,Санкт-Петербург,micro,FBO,north,organic,1
101513,2023-12-22,2023-12-30,Электроника,Юг,small,FBS,center,organic,1
101514,2025-12-14,2026-01-25,Электроника,Москва и МО,small,FBS,west,ads,0
101515,2026-02-22,2026-03-18,Аксессуары,Санкт-Петербург,micro,FBO,south,referral,1
101516,2025-11-10,2025-12-03,Канцелярия,Поволжье,micro,FBS,south,referral,1
101517,2023-07-09,2023-07-22,Спорт,Юг,micro,FBS,center,organic,1
101518,2025-04-16,2025-06-03,Товары для животных,Поволжье,large,FBO,north,partner,0
101519,2026-02-12,2026-03-22,Дом,Поволжье,medium,mixed,center,organic,1
101520,2025-01-02,2025-01-10,Красота,Поволжье,micro,FBS,center,organic,1
101521,2023-07-18,2023-07-25,Электроника,Санкт-Петербург,small,FBO,center,partner,1
101522,2025-06-07,2025-07-13,Аксессуары,Поволжье,medium,FBO,center,referral,1
101523,2023-10-09,2023-11-06,Обувь,Поволжье,small,FBS,east,ads,1
101524,2024-08-02,2024-09-14,Товары для животных,Поволжье,medium,mixed,center,offline_event,1
101525,2024-02-23,2024-03-28,Обувь,Москва и МО,micro,FBS,west,ads,1
101526,2023-11-23,2023-12-06,Дом,Урал,small,mixed,east,organic,1
101527,2024-03-31,2024-04-02,Красота,Урал,small,mixed,center,organic,1
101528,2026-03-14,2026-03-28,Товары для животных,Москва и МО,micro,FBS,center,organic,1
101529,2026-03-14,2026-03-17,Дом,Юг,medium,FBO,west,ads,1
101530,2026-02-01,2026-02-27,Аксессуары,Центр,small,FBO,center,partner,0
101531,2025-11-13,2025-11-17,Одежда,Москва и МО,medium,FBO,west,partner,1
101532,2023-09-04,2023-10-05,Детские товары,Дальний Восток,micro,mixed,south,organic,1
101533,2025-12-15,2026-01-06,Одежда,Центр,micro,mixed,center,offline_event,1
101534,2025-09-29,2025-11-29,Одежда,Центр,micro,FBS,east,offline_event,1
101535,2024-01-11,2024-03-07,Одежда,Санкт-Петербург,small,FBS,center,organic,1
101536,2025-07-15,2025-08-09,Красота,Юг,micro,FBO,north,organic,1
101537,2023-12-24,2024-01-13,Одежда,Юг,micro,FBO,north,partner,1
101538,2024-10-06,2024-10-12,Детские товары,Москва и МО,small,FBO,east,organic,1
101539,2025-04-23,2025-05-19,Одежда,Урал,micro,FBS,south,partner,1
101540,2025-08-19,2025-09-14,Электроника,Поволжье,micro,FBS,north,ads,1
101541,2025-08-21,2025-09-10,Детские товары,Урал,micro,FBO,center,ads,1
101542,2023-08-31,2023-09-10,Одежда,Центр,micro,mixed,south,organic,1
101543,2024-06-02,2024-06-07,Электроника,Урал,micro,FBS,north,ads,1
101544,2025-12-12,2025-12-23,Спорт,Москва и МО,small,FBO,south,offline_event,0
101545,2024-01-04,2024-02-17,Обувь,Сибирь,medium,FBS,south,partner,1
101546,2025-11-22,2026-01-13,Одежда,Дальний Восток,micro,FBO,south,ads,1
101547,2025-05-09,2025-06-17,Детские товары,Сибирь,micro,FBO,center,organic,1
101548,2023-12-08,2023-12-19,Дом,Москва и МО,small,FBS,center,organic,0
101549,2023-10-28,2024-01-22,Аксессуары,Урал,medium,FBS,center,organic,1
101550,2025-09-26,2025-10-25,Аксессуары,Поволжье,micro,FBO,south,organic,1
101551,2024-05-02,2024-06-04,Красота,Центр,micro,FBS,south,ads,1
101552,2025-05-30,2025-07-04,Обувь,Москва и МО,micro,FBO,east,organic,0
101553,2024-03-04,2024-03-31,Дом,Поволжье,medium,FBO,center,partner,1
101554,2023-08-17,2023-09-10,Канцелярия,Центр,small,mixed,east,organic,1
101555,2025-05-17,2025-06-11,Одежда,Москва и МО,medium,FBS,north,organic,1
101556,2026-01-27,2026-03-10,Спорт,Центр,large,FBS,west,referral,1
101557,2023-09-18,2023-10-28,Дом,Центр,micro,FBS,east,organic,1
101558,2023-09-11,2023-09-29,Обувь,Центр,medium,mixed,south,offline_event,0
101559,2023-07-21,2023-07-30,Одежда,Москва и МО,small,FBS,east,organic,1
101560,2024-01-25,2024-02-22,Одежда,Центр,micro,mixed,east,organic,1
101561,2025-10-02,2025-10-18,Спорт,Центр,micro,FBS,north,organic,1
101562,2026-01-09,2026-02-05,Одежда,Москва и МО,micro,FBO,center,organic,1
101563,2024-07-12,2024-07-26,Одежда,Урал,micro,mixed,east,ads,0
101564,2024-08-31,2024-09-23,Одежда,Москва и МО,micro,FBS,center,organic,1
101565,2024-02-18,2024-03-25,Одежда,Центр,small,FBS,south,ads,0
101566,2025-01-05,2025-02-07,Электроника,Урал,micro,FBO,north,ads,1
101567,2025-06-13,2025-07-13,Одежда,Москва и МО,small,FBS,west,organic,1
101568,2025-01-31,2025-02-05,Одежда,Поволжье,small,FBO,north,offline_event,1
101569,2023-09-02,2023-09-14,Дом,Москва и МО,small,FBS,east,organic,0
101570,2024-04-20,2024-05-18,Одежда,Москва и МО,small,mixed,north,partner,1
101571,2025-06-11,2025-07-04,Красота,Поволжье,small,FBO,south,ads,1
101572,2024-06-23,2024-07-18,Одежда,Центр,micro,FBO,north,referral,1
101573,2023-12-19,2023-12-26,Обувь,Урал,micro,FBO,center,organic,1
101574,2024-08-14,2024-09-06,Одежда,Сибирь,small,mixed,north,organic,1
101575,2024-02-15,2024-03-28,Одежда,Центр,small,FBO,west,offline_event,1
101576,2023-11-18,2023-12-11,Дом,Юг,small,FBS,north,organic,0
101577,2025-11-16,2025-12-20,Одежда,Москва и МО,large,FBS,north,referral,1
101578,2024-03-14,2024-04-26,Товары для животных,Москва и МО,small,FBO,north,partner,1
101579,2024-03-20,2024-04-15,Электроника,Санкт-Петербург,micro,FBS,north,partner,1
101580,2023-08-20,2023-09-27,Канцелярия,Сибирь,large,FBS,north,ads,1
101581,2024-05-28,2024-06-12,Дом,Сибирь,medium,FBO,north,organic,1
101582,2024-08-10,2024-09-05,Детские товары,Москва и МО,micro,FBS,center,offline_event,1
101583,2025-05-15,2025-05-30,Одежда,Москва и МО,large,FBS,south,referral,1
101584,2025-02-08,2025-02-26,Канцелярия,Центр,small,FBO,center,ads,1
101585,2026-01-23,2026-02-12,Одежда,Москва и МО,small,FBO,south,offline_event,1
101586,2025-04-03,2025-04-20,Дом,Центр,small,FBO,north,organic,1
101587,2025-05-18,2025-07-01,Дом,Санкт-Петербург,small,mixed,south,partner,0
101588,2025-10-07,2025-10-28,Одежда,Москва и МО,large,FBS,east,referral,1
101589,2024-08-01,2024-09-07,Одежда,Урал,micro,FBS,north,offline_event,0
101590,2025-02-07,2025-02-22,Одежда,Москва и МО,medium,FBS,center,organic,1
101591,2026-01-27,2026-02-16,Красота,Поволжье,medium,FBS,center,ads,0
101592,2023-11-23,2023-12-06,Одежда,Санкт-Петербург,micro,FBS,west,ads,0
101593,2024-11-13,2024-12-28,Электроника,Москва и МО,medium,mixed,center,organic,0
101594,2023-08-31,2023-09-23,Одежда,Москва и МО,micro,mixed,west,ads,1
101595,2025-06-23,2025-06-26,Дом,Санкт-Петербург,micro,FBO,center,organic,0
101596,2026-01-28,2026-02-12,Дом,Центр,small,FBO,west,organic,1
101597,2025-11-18,2026-01-20,Одежда,Юг,micro,FBO,west,ads,0
101598,2024-04-24,2024-05-26,Одежда,Москва и МО,micro,FBO,south,referral,1
101599,2024-04-26,2024-05-13,Обувь,Санкт-Петербург,micro,FBO,center,organic,0
101600,2023-12-25,2024-01-09,Обувь,Центр,micro,FBO,east,offline_event,1
101601,2024-09-17,2024-09-21,Одежда,Москва и МО,medium,FBO,west,organic,1
101602,2024-08-29,2024-09-28,Электроника,Центр,medium,mixed,south,ads,1
101603,2025-12-27,2026-01-20,Одежда,Юг,medium,FBS,east,organic,1
101604,2025-03-15,2025-04-04,Электроника,Юг,micro,mixed,north,partner,1
101605,2024-07-25,2024-07-28,Обувь,Москва и МО,small,FBS,east,organic,1
101606,2024-02-24,2024-03-15,Одежда,Сибирь,medium,FBO,east,organic,1
101607,2024-12-16,2025-01-02,Красота,Санкт-Петербург,micro,FBO,center,ads,0
101608,2024-06-21,2024-07-29,Дом,Москва и МО,small,FBO,center,referral,1
101609,2026-02-19,2026-03-14,Дом,Сибирь,micro,mixed,center,ads,1
101610,2024-01-02,2024-01-23,Одежда,Москва и МО,micro,FBO,center,partner,1
101611,2024-01-08,2024-01-21,Одежда,Сибирь,micro,FBS,west,organic,1
101612,2024-01-17,2024-02-03,Красота,Центр,micro,FBS,north,partner,0
101613,2024-09-09,2024-09-30,Аксессуары,Москва и МО,micro,mixed,center,ads,0
101614,2025-09-09,2025-10-03,Электроника,Урал,medium,FBO,east,organic,1
101615,2024-07-28,2024-09-04,Дом,Москва и МО,small,FBO,north,partner,1
101616,2024-04-19,2024-06-14,Одежда,Юг,micro,FBS,center,organic,1
101617,2026-02-04,2026-03-17,Обувь,Москва и МО,small,FBS,west,referral,1
101618,2024-07-25,2024-08-20,Спорт,Центр,micro,FBS,east,partner,1
101619,2023-10-20,2023-11-16,Обувь,Москва и МО,micro,FBS,north,organic,1
101620,2026-01-23,2026-02-24,Канцелярия,Дальний Восток,medium,FBS,north,ads,1
101621,2023-08-18,2023-09-20,Электроника,Поволжье,micro,FBO,center,ads,1
101622,2025-04-27,2025-05-12,Товары для животных,Центр,small,mixed,east,ads,1
101623,2024-07-01,2024-08-08,Дом,Москва и МО,micro,FBS,center,referral,1
101624,2024-11-19,2025-01-12,Детские товары,Юг,micro,FBO,south,organic,1
101625,2024-11-08,2024-12-08,Обувь,Урал,small,FBO,west,organic,1
101626,2024-04-22,2024-05-08,Аксессуары,Урал,micro,FBO,center,partner,1
101627,2023-12-29,2024-01-09,Детские товары,Урал,large,FBS,center,organic,1
101628,2024-08-30,2024-09-05,Одежда,Москва и МО,large,FBO,south,referral,1
101629,2025-12-12,2026-01-04,Одежда,Санкт-Петербург,large,FBO,center,organic,0
101630,2024-10-31,2024-11-15,Электроника,Юг,medium,FBO,center,organic,1
101631,2023-09-24,2023-10-04,Спорт,Урал,small,FBO,south,ads,1
101632,2024-01-24,2024-02-06,Аксессуары,Санкт-Петербург,micro,FBS,south,referral,0
101633,2025-12-07,2025-12-26,Одежда,Юг,small,FBS,north,partner,1
101634,2025-01-29,2025-05-07,Одежда,Поволжье,large,FBS,west,referral,1
101635,2025-08-29,2025-09-17,Канцелярия,Урал,small,FBO,east,partner,0
101636,2024-01-07,2024-01-29,Спорт,Центр,micro,FBO,west,organic,1
101637,2023-12-17,2024-02-21,Обувь,Юг,small,FBO,center,organic,0
101638,2024-12-28,2025-01-28,Красота,Центр,large,FBS,west,organic,1
101639,2024-07-14,2024-07-23,Одежда,Санкт-Петербург,micro,FBS,south,referral,1
101640,2023-11-12,2023-11-29,Канцелярия,Дальний Восток,large,FBS,center,offline_event,1
101641,2023-08-05,2023-08-21,Спорт,Сибирь,small,mixed,east,organic,1
101642,2024-10-15,2024-10-28,Красота,Санкт-Петербург,micro,FBS,center,organic,1
101643,2024-07-06,2024-07-13,Детские товары,Центр,small,FBS,south,partner,1
101644,2024-08-26,2024-09-04,Спорт,Москва и МО,large,FBO,south,referral,1
101645,2024-08-30,2024-11-16,Электроника,Сибирь,small,FBS,north,partner,1
101646,2024-08-07,2024-09-08,Обувь,Санкт-Петербург,micro,FBO,center,ads,0
101647,2025-09-09,2025-10-14,Обувь,Юг,small,mixed,center,organic,1
101648,2025-11-05,2025-11-27,Детские товары,Санкт-Петербург,medium,mixed,north,organic,1
101649,2025-06-08,2025-07-07,Обувь,Поволжье,small,mixed,center,organic,1
101650,2023-11-21,2023-12-02,Одежда,Центр,small,FBS,north,referral,0
101651,2023-07-13,2023-07-24,Одежда,Центр,small,FBO,south,ads,0
101652,2026-02-23,2026-04-09,Дом,Центр,micro,mixed,north,ads,1
101653,2024-01-03,2024-01-24,Одежда,Сибирь,small,FBO,center,offline_event,1
101654,2025-06-27,2025-07-27,Одежда,Москва и МО,micro,FBS,center,organic,0
101655,2023-09-14,2023-11-11,Детские товары,Москва и МО,micro,FBS,center,organic,1
101656,2025-08-09,2025-09-10,Аксессуары,Сибирь,micro,FBS,center,ads,1
101657,2024-01-10,2024-01-24,Детские товары,Юг,medium,mixed,south,ads,1
101658,2024-11-27,2025-01-02,Обувь,Санкт-Петербург,small,FBS,center,referral,1
101659,2025-06-06,2025-06-25,Аксессуары,Санкт-Петербург,micro,FBS,south,referral,0
101660,2023-07-04,2023-08-13,Дом,Москва и МО,small,FBO,north,ads,1
101661,2024-09-13,2024-09-24,Спорт,Санкт-Петербург,micro,FBO,west,partner,0
101662,2023-11-21,2023-12-22,Дом,Юг,micro,mixed,south,organic,1
101663,2024-05-03,2024-06-25,Аксессуары,Поволжье,medium,mixed,east,partner,0
101664,2025-10-29,2025-11-12,Одежда,Санкт-Петербург,micro,FBO,south,referral,1
101665,2025-07-31,2025-09-27,Спорт,Москва и МО,micro,mixed,north,organic,1
101666,2025-05-01,2025-05-11,Одежда,Юг,medium,FBO,west,organic,0
101667,2023-07-24,2023-08-08,Красота,Урал,small,FBS,south,organic,0
101668,2024-05-10,2024-05-23,Детские товары,Поволжье,small,FBO,south,partner,1
101669,2025-03-15,2025-04-27,Одежда,Санкт-Петербург,medium,FBO,west,partner,1
101670,2025-01-27,2025-03-27,Спорт,Москва и МО,micro,FBS,east,referral,1
101671,2026-02-10,2026-03-30,Товары для животных,Санкт-Петербург,small,mixed,north,organic,1
101672,2024-08-30,2024-09-16,Электроника,Юг,medium,FBO,south,partner,1
101673,2025-10-08,2025-10-22,Аксессуары,Юг,small,mixed,center,partner,0
101674,2025-06-28,2025-07-31,Электроника,Поволжье,micro,FBO,north,referral,1
101675,2025-02-12,2025-03-09,Дом,Центр,micro,FBS,center,organic,1
101676,2024-07-21,2024-09-06,Одежда,Поволжье,micro,FBS,center,organic,1
101677,2024-03-09,2024-04-20,Дом,Сибирь,large,FBS,north,partner,0
101678,2025-09-24,2025-10-10,Обувь,Урал,small,FBO,center,ads,1
101679,2025-04-30,2025-05-22,Товары для животных,Урал,small,FBS,center,partner,1
101680,2025-08-21,2025-10-19,Красота,Москва и МО,small,FBO,south,organic,0
101681,2025-10-29,2025-12-10,Дом,Центр,micro,FBO,center,organic,0
101682,2025-01-25,2025-02-04,Электроника,Москва и МО,micro,FBO,center,organic,0
101683,2024-09-04,2024-09-18,Аксессуары,Юг,medium,FBO,north,organic,1
101684,2024-12-21,2025-02-09,Спорт,Урал,micro,FBS,south,partner,0
101685,2023-09-22,2023-10-17,Одежда,Сибирь,micro,FBO,east,organic,1
101686,2024-07-16,2024-07-27,Детские товары,Юг,micro,FBO,south,organic,1
101687,2025-12-28,2026-02-01,Детские товары,Санкт-Петербург,micro,mixed,south,partner,0
101688,2024-10-31,2024-12-09,Дом,Урал,small,FBS,west,ads,1
101689,2025-09-25,2025-10-30,Одежда,Сибирь,micro,FBS,center,ads,1
101690,2025-03-07,2025-04-21,Аксессуары,Санкт-Петербург,micro,FBS,north,partner,1
101691,2024-11-10,2024-12-03,Одежда,Юг,micro,mixed,south,organic,1
101692,2024-06-16,2024-07-13,Детские товары,Центр,micro,FBO,east,offline_event,1
101693,2025-08-29,2025-10-02,Обувь,Санкт-Петербург,small,FBS,center,organic,1
101694,2023-08-25,2023-09-27,Электроника,Москва и МО,small,FBS,north,ads,1
101695,2024-05-18,2024-05-26,Спорт,Поволжье,micro,FBO,center,organic,1
101696,2024-12-17,2025-01-05,Одежда,Москва и МО,small,FBS,north,partner,1
101697,2026-01-03,2026-01-17,Спорт,Поволжье,small,FBO,east,referral,1
101698,2024-09-11,2024-11-21,Одежда,Урал,micro,FBO,west,organic,1
101699,2024-07-11,2024-08-21,Канцелярия,Урал,micro,FBO,north,organic,1
101700,2023-08-21,2023-12-09,Канцелярия,Сибирь,small,mixed,west,referral,1
101701,2024-07-22,2024-08-11,Одежда,Юг,small,FBO,center,referral,1
101702,2023-09-28,2023-10-17,Детские товары,Сибирь,small,FBO,center,ads,1
101703,2025-04-29,2025-06-04,Красота,Москва и МО,micro,FBS,south,organic,1
101704,2024-01-22,2024-03-27,Обувь,Центр,micro,FBO,center,partner,0
101705,2025-12-25,2026-01-22,Электроника,Санкт-Петербург,micro,FBO,center,referral,0
101706,2026-01-08,2026-02-03,Одежда,Москва и МО,small,mixed,west,offline_event,1
101707,2024-03-25,2024-04-16,Красота,Центр,medium,mixed,south,ads,1
101708,2024-04-07,2024-05-27,Одежда,Москва и МО,micro,FBS,center,partner,1
101709,2025-03-05,2025-05-30,Одежда,Поволжье,small,FBO,center,ads,1
101710,2025-01-22,2025-02-12,Одежда,Сибирь,medium,FBS,east,organic,1
101711,2024-10-07,2024-12-22,Аксессуары,Сибирь,medium,FBO,north,offline_event,1
101712,2024-12-27,2025-01-15,Обувь,Урал,small,FBO,south,organic,0
101713,2025-07-02,2025-08-14,Товары для животных,Урал,large,FBO,north,referral,1
101714,2024-04-25,2024-07-28,Аксессуары,Юг,micro,FBO,center,partner,0
101715,2025-07-06,2025-09-06,Красота,Юг,small,FBS,north,ads,1
101716,2024-02-14,2024-02-23,Детские товары,Урал,small,mixed,south,organic,1
101717,2023-09-08,2023-10-15,Обувь,Поволжье,micro,FBO,west,partner,1
101718,2024-08-28,2024-10-04,Товары для животных,Юг,micro,FBO,south,partner,1
101719,2024-06-23,2024-07-20,Дом,Москва и МО,micro,FBS,south,referral,0
101720,2024-09-20,2024-10-15,Электроника,Поволжье,small,FBO,south,organic,0
101721,2024-09-14,2024-10-31,Электроника,Москва и МО,small,mixed,center,ads,0
101722,2025-09-30,2025-11-09,Детские товары,Юг,micro,FBS,north,organic,0
101723,2025-09-15,2025-10-20,Красота,Урал,micro,FBO,center,partner,1
101724,2024-05-19,2024-05-31,Канцелярия,Поволжье,micro,FBS,west,offline_event,0
101725,2025-01-13,2025-02-06,Дом,Центр,micro,mixed,north,organic,1
101726,2025-01-15,2025-01-31,Электроника,Юг,small,FBO,east,offline_event,0
101727,2025-04-28,2025-06-15,Красота,Поволжье,micro,FBS,east,organic,1
101728,2025-07-13,2025-07-31,Обувь,Санкт-Петербург,micro,FBS,center,offline_event,1
101729,2024-10-24,2024-11-23,Красота,Центр,small,mixed,west,organic,1
101730,2025-09-06,2025-10-14,Одежда,Сибирь,medium,FBO,east,organic,1
101731,2025-04-18,2025-05-25,Красота,Центр,micro,FBO,east,referral,0
101732,2024-08-02,2024-09-13,Обувь,Урал,small,FBO,center,organic,1
101733,2023-09-29,2023-10-22,Аксессуары,Санкт-Петербург,micro,FBO,center,organic,1
101734,2025-03-09,2025-04-11,Дом,Москва и МО,micro,FBO,south,ads,1
101735,2024-02-04,2024-03-05,Канцелярия,Центр,micro,mixed,south,organic,1
101736,2025-07-16,2025-08-23,Спорт,Москва и МО,medium,FBS,north,organic,0
101737,2025-09-13,2025-11-03,Спорт,Сибирь,small,FBO,south,organic,1
101738,2025-09-14,2025-10-15,Дом,Центр,small,FBO,north,offline_event,1
101739,2024-10-02,2024-11-04,Товары для животных,Москва и МО,micro,mixed,east,referral,1
101740,2025-09-21,2025-10-06,Товары для животных,Москва и МО,small,mixed,east,organic,1
101741,2024-08-26,2024-09-03,Товары для животных,Поволжье,micro,FBO,east,referral,1
101742,2025-10-21,2025-11-04,Одежда,Санкт-Петербург,small,FBO,west,organic,1
101743,2023-09-09,2023-10-03,Аксессуары,Москва и МО,micro,FBS,center,partner,0
101744,2025-12-27,2026-01-27,Красота,Дальний Восток,small,FBS,north,organic,1
101745,2026-02-27,2026-04-24,Дом,Санкт-Петербург,medium,FBS,east,referral,1
101746,2025-11-13,2026-01-11,Товары для животных,Урал,small,FBS,center,ads,1
101747,2023-12-01,2023-12-23,Спорт,Москва и МО,micro,FBS,west,referral,1
101748,2026-01-24,2026-03-20,Товары для животных,Сибирь,micro,FBO,west,organic,0
101749,2023-09-20,2023-10-14,Дом,Юг,medium,FBS,north,organic,1
101750,2025-11-15,2025-12-06,Детские товары,Москва и МО,medium,mixed,center,offline_event,0
101751,2023-11-16,2024-01-30,Дом,Санкт-Петербург,small,FBS,center,organic,0
101752,2024-02-17,2024-03-21,Одежда,Юг,micro,FBO,south,organic,1
101753,2024-06-02,2024-06-14,Одежда,Центр,micro,FBS,east,organic,0
101754,2023-08-03,2023-09-26,Аксессуары,Москва и МО,small,FBO,north,organic,0
101755,2025-07-04,2025-09-11,Аксессуары,Дальний Восток,small,FBS,east,organic,1
101756,2025-12-23,2026-01-17,Красота,Санкт-Петербург,medium,FBO,north,ads,1
101757,2024-05-04,2024-05-11,Электроника,Сибирь,small,FBO,south,offline_event,1
101758,2024-02-01,2024-03-07,Одежда,Москва и МО,small,mixed,north,referral,0
101759,2025-06-08,2025-06-28,Канцелярия,Санкт-Петербург,medium,FBO,west,referral,1
101760,2024-02-09,2024-03-13,Аксессуары,Поволжье,medium,FBS,south,referral,1
101761,2025-09-21,2025-10-21,Спорт,Сибирь,micro,FBO,center,organic,0
101762,2025-09-23,2025-11-24,Товары для животных,Поволжье,micro,FBO,south,organic,0
101763,2025-01-05,2025-02-03,Одежда,Москва и МО,micro,FBO,west,organic,1
101764,2024-11-05,2024-11-13,Дом,Поволжье,large,mixed,north,partner,0
101765,2023-11-09,2023-11-20,Красота,Санкт-Петербург,small,FBS,center,offline_event,1
101766,2025-04-12,2025-06-04,Обувь,Поволжье,micro,FBO,north,offline_event,1
101767,2025-08-14,2025-09-10,Одежда,Поволжье,micro,FBO,north,organic,0
101768,2025-06-19,2025-07-05,Красота,Урал,small,FBS,east,partner,1
101769,2024-12-18,2024-12-29,Детские товары,Центр,micro,FBO,center,organic,1
101770,2024-12-15,2025-01-16,Аксессуары,Москва и МО,micro,FBO,north,organic,0
101771,2023-07-13,2023-07-26,Обувь,Дальний Восток,micro,FBO,center,referral,0
101772,2026-02-13,2026-03-05,Одежда,Юг,micro,FBS,center,referral,1
101773,2024-01-26,2024-02-10,Красота,Москва и МО,micro,FBO,center,partner,1
101774,2025-02-09,2025-03-30,Электроника,Сибирь,micro,FBO,center,partner,0
101775,2024-11-29,2025-01-22,Детские товары,Санкт-Петербург,micro,mixed,center,organic,1
101776,2025-09-09,2025-10-19,Дом,Юг,micro,FBO,north,partner,0
101777,2023-07-18,2023-08-10,Дом,Центр,micro,mixed,south,organic,1
101778,2024-12-31,2025-03-02,Дом,Юг,micro,FBO,center,offline_event,1
101779,2025-03-13,2025-05-11,Одежда,Санкт-Петербург,small,FBO,center,offline_event,1
101780,2025-08-09,2025-08-31,Одежда,Урал,medium,FBO,south,organic,1
101781,2024-07-03,2024-07-29,Красота,Центр,micro,FBO,south,offline_event,1
101782,2023-08-21,2023-09-21,Одежда,Москва и МО,small,FBS,south,organic,1
101783,2024-06-26,2024-07-14,Аксессуары,Москва и МО,small,mixed,west,partner,0
101784,2024-04-20,2024-05-25,Спорт,Москва и МО,small,mixed,center,organic,1
101785,2024-01-07,2024-01-18,Дом,Поволжье,small,FBS,south,referral,0
101786,2023-07-04,2023-07-09,Обувь,Центр,micro,FBO,west,ads,1
101787,2024-01-19,2024-02-26,Электроника,Урал,micro,mixed,south,partner,1
101788,2024-11-07,2024-11-16,Одежда,Урал,micro,mixed,center,referral,1
101789,2024-12-10,2024-12-21,Дом,Юг,small,FBS,east,organic,0
101790,2025-03-05,2025-03-22,Одежда,Санкт-Петербург,medium,FBS,center,organic,1
101791,2023-12-27,2024-01-28,Обувь,Сибирь,micro,FBS,center,partner,1
101792,2025-04-20,2025-05-02,Электроника,Москва и МО,small,FBS,center,referral,1
101793,2024-06-10,2024-06-15,Канцелярия,Урал,small,FBS,center,organic,0
101794,2024-07-24,2024-08-07,Обувь,Центр,micro,FBO,north,ads,1
101795,2024-03-19,2024-05-10,Дом,Юг,large,FBO,center,organic,1
101796,2024-04-02,2024-04-22,Дом,Санкт-Петербург,micro,FBS,north,organic,1
101797,2024-01-28,2024-02-16,Дом,Юг,small,FBS,west,ads,1
101798,2026-02-01,2026-02-28,Дом,Центр,micro,FBO,east,referral,1
101799,2026-02-08,2026-02-27,Красота,Москва и МО,small,FBS,north,offline_event,0
101800,2025-07-02,2025-08-08,Одежда,Юг,micro,FBO,west,referral,0
101801,2025-02-23,2025-03-20,Красота,Центр,micro,FBO,center,referral,1
101802,2025-01-09,2025-01-28,Дом,Урал,micro,FBO,north,referral,1
101803,2026-02-24,2026-03-09,Обувь,Москва и МО,small,FBS,center,organic,1
101804,2023-07-02,2023-07-24,Канцелярия,Урал,micro,FBO,south,organic,1
101805,2025-10-28,2025-12-01,Обувь,Санкт-Петербург,micro,FBS,north,organic,1
101806,2024-08-18,2024-10-04,Одежда,Юг,medium,FBS,north,referral,0
101807,2023-12-16,2024-01-11,Спорт,Урал,medium,FBO,south,referral,1
101808,2024-11-14,2024-11-23,Обувь,Санкт-Петербург,micro,FBO,south,referral,1
101809,2025-11-18,2025-12-11,Красота,Поволжье,medium,FBS,west,organic,0
101810,2025-11-01,2025-11-09,Детские товары,Москва и МО,small,FBO,east,organic,1
101811,2024-03-16,2024-05-12,Одежда,Центр,small,FBO,center,ads,1
101812,2023-12-20,2024-01-26,Красота,Москва и МО,micro,mixed,center,partner,1
101813,2025-02-01,2025-03-10,Дом,Поволжье,small,FBO,south,ads,1
101814,2023-09-20,2023-12-04,Дом,Санкт-Петербург,large,FBS,center,organic,0
101815,2026-02-09,2026-03-23,Электроника,Поволжье,small,FBO,south,offline_event,1
101816,2025-10-31,2025-11-21,Аксессуары,Центр,small,FBS,west,referral,1
101817,2024-04-14,2024-05-05,Аксессуары,Урал,small,FBS,south,organic,1
101818,2025-01-28,2025-02-14,Одежда,Москва и МО,micro,FBO,north,referral,1
101819,2025-12-20,2026-01-14,Электроника,Юг,micro,FBS,north,ads,1
101820,2025-08-18,2025-10-01,Обувь,Санкт-Петербург,micro,FBS,center,ads,1
101821,2024-04-21,2024-06-12,Электроника,Урал,micro,FBS,center,organic,1
101822,2024-09-06,2024-09-18,Дом,Сибирь,medium,FBS,south,organic,1
101823,2024-12-17,2025-01-23,Обувь,Поволжье,medium,mixed,center,organic,1
101824,2023-07-29,2023-08-11,Обувь,Юг,micro,FBO,south,organic,1
101825,2025-03-26,2025-05-26,Обувь,Центр,large,FBO,east,partner,1
101826,2025-11-01,2025-11-09,Обувь,Санкт-Петербург,small,mixed,north,partner,1
101827,2024-03-01,2024-03-06,Красота,Москва и МО,micro,FBO,south,partner,1
101828,2024-05-20,2024-06-17,Обувь,Урал,micro,FBS,center,referral,0
101829,2024-11-12,2024-11-19,Красота,Поволжье,medium,mixed,south,partner,0
101830,2023-09-08,2023-10-13,Аксессуары,Санкт-Петербург,large,FBO,center,referral,1
101831,2025-07-02,2025-07-07,Одежда,Юг,small,mixed,west,partner,1
101832,2024-09-26,2024-10-06,Обувь,Москва и МО,small,mixed,east,organic,1
101833,2024-03-24,2024-05-01,Обувь,Сибирь,small,FBO,west,partner,1
101834,2025-10-29,2025-11-05,Спорт,Юг,medium,FBO,east,ads,1
101835,2025-04-29,2025-05-09,Красота,Москва и МО,small,FBS,west,ads,0
101836,2025-05-23,2025-06-08,Спорт,Центр,micro,FBO,south,organic,1
101837,2024-09-22,2024-10-12,Канцелярия,Урал,micro,mixed,west,partner,1
101838,2025-11-23,2025-12-23,Красота,Центр,small,FBO,south,organic,1
101839,2026-01-06,2026-02-16,Обувь,Москва и МО,micro,FBS,north,organic,0
101840,2023-08-30,2023-09-27,Дом,Центр,micro,FBO,south,partner,1
101841,2024-08-03,2024-08-12,Красота,Сибирь,micro,FBS,east,ads,1
101842,2025-03-27,2025-04-15,Одежда,Центр,micro,FBS,center,referral,1
101843,2026-01-10,2026-01-19,Одежда,Дальний Восток,medium,FBS,center,partner,1
101844,2023-09-19,2023-11-06,Одежда,Урал,small,FBO,west,referral,1
101845,2025-07-03,2025-07-16,Дом,Центр,small,mixed,south,organic,1
101846,2024-09-05,2024-09-18,Одежда,Юг,medium,FBO,east,organic,1
101847,2025-04-18,2025-05-11,Электроника,Москва и МО,medium,FBS,center,referral,1
101848,2023-08-23,2023-11-18,Красота,Поволжье,small,FBS,east,ads,1
101849,2023-08-11,2023-08-21,Дом,Центр,micro,FBO,south,partner,0
101850,2024-08-17,2024-08-30,Дом,Поволжье,large,FBS,west,organic,1
101851,2023-09-05,2023-10-29,Спорт,Поволжье,micro,FBS,north,organic,1
101852,2024-10-29,2024-12-07,Одежда,Москва и МО,micro,mixed,center,organic,1
101853,2024-05-24,2024-06-18,Одежда,Центр,micro,FBS,west,organic,1
101854,2025-01-27,2025-03-12,Обувь,Москва и МО,micro,mixed,south,organic,1
101855,2024-04-28,2024-06-13,Красота,Центр,small,FBO,south,organic,1
101856,2025-05-19,2025-07-07,Детские товары,Поволжье,small,FBS,east,partner,1
101857,2025-10-20,2025-11-12,Электроника,Сибирь,micro,mixed,north,ads,1
101858,2025-09-22,2025-10-31,Обувь,Поволжье,small,FBO,west,organic,1
101859,2025-06-01,2025-07-20,Обувь,Поволжье,small,mixed,south,organic,1
101860,2023-10-28,2023-11-18,Спорт,Санкт-Петербург,micro,FBS,north,offline_event,1
101861,2025-01-21,2025-03-03,Одежда,Центр,small,FBS,center,referral,1
101862,2024-05-05,2024-05-23,Товары для животных,Москва и МО,medium,FBS,south,organic,0
101863,2024-02-25,2024-04-07,Обувь,Юг,micro,FBO,center,partner,1
101864,2024-10-25,2024-11-06,Спорт,Юг,micro,FBS,east,partner,1
101865,2023-11-12,2024-01-03,Одежда,Урал,small,FBS,north,partner,0
101866,2024-07-13,2024-09-24,Электроника,Поволжье,micro,FBS,east,organic,1
101867,2023-11-06,2023-11-20,Дом,Юг,small,FBS,east,organic,1
101868,2024-06-24,2024-08-05,Спорт,Москва и МО,micro,mixed,east,organic,0
101869,2024-03-29,2024-07-05,Дом,Москва и МО,micro,mixed,south,partner,1
101870,2023-12-21,2024-02-08,Товары для животных,Центр,small,FBS,east,offline_event,1
101871,2024-09-09,2024-12-11,Дом,Поволжье,micro,FBS,west,partner,1
101872,2025-06-24,2025-07-05,Одежда,Центр,micro,FBO,north,referral,1
101873,2025-12-11,2026-01-15,Детские товары,Москва и МО,micro,FBO,east,ads,0
101874,2025-07-02,2025-07-26,Канцелярия,Юг,small,FBS,center,referral,0
101875,2025-12-21,2026-01-06,Дом,Москва и МО,small,FBS,south,ads,0
101876,2025-05-29,2025-06-29,Детские товары,Юг,micro,FBO,north,referral,1
101877,2025-11-28,2025-12-30,Красота,Москва и МО,large,mixed,north,organic,0
101878,2024-08-17,2024-08-24,Одежда,Москва и МО,medium,FBO,north,partner,1
101879,2023-11-29,2023-12-27,Аксессуары,Санкт-Петербург,large,mixed,west,partner,1
101880,2024-07-16,2024-08-09,Дом,Урал,micro,mixed,center,organic,1
101881,2024-05-31,2024-06-11,Детские товары,Поволжье,small,FBO,south,ads,1
101882,2025-05-04,2025-06-13,Электроника,Сибирь,micro,FBO,north,partner,0
101883,2024-04-02,2024-04-12,Товары для животных,Санкт-Петербург,small,FBO,east,organic,1
101884,2024-04-11,2024-05-10,Одежда,Поволжье,large,FBO,north,referral,0
101885,2023-12-20,2024-01-16,Красота,Дальний Восток,small,FBO,west,partner,1
101886,2025-04-11,2025-05-02,Товары для животных,Санкт-Петербург,medium,FBO,center,ads,1
101887,2024-12-11,2025-01-13,Товары для животных,Москва и МО,small,FBS,west,ads,1
101888,2026-03-12,2026-03-28,Электроника,Юг,small,FBS,south,referral,0
101889,2023-12-05,2024-01-01,Электроника,Москва и МО,micro,mixed,west,referral,1
101890,2023-09-02,2023-10-02,Одежда,Центр,small,FBS,west,ads,1
101891,2026-03-13,2026-04-01,Дом,Сибирь,medium,FBO,north,organic,1
101892,2023-12-24,2024-01-23,Аксессуары,Москва и МО,micro,FBS,center,organic,0
101893,2023-09-04,2023-09-23,Одежда,Центр,large,mixed,north,referral,0
101894,2023-09-01,2023-09-18,Дом,Сибирь,micro,FBO,south,organic,0
101895,2026-03-16,2026-04-19,Электроника,Юг,small,FBO,east,offline_event,1
101896,2023-07-31,2023-08-08,Электроника,Москва и МО,micro,FBS,north,referral,1
101897,2024-08-06,2024-09-10,Красота,Санкт-Петербург,medium,FBO,center,organic,1
101898,2025-11-02,2025-12-04,Дом,Санкт-Петербург,micro,mixed,north,referral,1
101899,2024-12-13,2025-01-15,Одежда,Центр,micro,FBO,east,referral,1
101900,2025-10-01,2025-10-18,Обувь,Сибирь,medium,FBO,west,ads,0
101901,2023-11-20,2023-11-30,Аксессуары,Центр,medium,FBO,north,ads,0
101902,2025-09-16,2025-11-02,Детские товары,Поволжье,small,mixed,north,organic,1
101903,2026-01-18,2026-02-23,Аксессуары,Центр,micro,mixed,west,organic,1
101904,2024-05-31,2024-07-14,Товары для животных,Москва и МО,micro,mixed,north,partner,0
101905,2023-07-22,2023-09-04,Товары для животных,Урал,small,FBO,east,organic,1
101906,2024-01-13,2024-01-29,Одежда,Москва и МО,micro,mixed,east,organic,1
101907,2024-12-16,2025-01-28,Дом,Центр,micro,FBS,east,organic,1
101908,2024-05-11,2024-06-08,Красота,Центр,large,mixed,center,partner,1
101909,2024-10-21,2024-11-07,Одежда,Москва и МО,small,FBS,center,ads,1
101910,2024-07-25,2024-08-07,Электроника,Поволжье,micro,FBS,south,organic,1
101911,2024-04-17,2024-04-28,Красота,Москва и МО,medium,FBO,north,partner,1
101912,2025-02-19,2025-03-10,Красота,Санкт-Петербург,micro,FBO,east,ads,1
101913,2025-11-22,2025-12-07,Аксессуары,Москва и МО,large,FBS,north,referral,0
101914,2024-11-08,2024-11-27,Обувь,Москва и МО,small,FBS,center,partner,1
101915,2024-07-26,2024-08-02,Одежда,Сибирь,micro,FBO,center,organic,1
101916,2024-04-23,2024-04-29,Обувь,Сибирь,small,mixed,north,organic,0
101917,2025-08-11,2025-09-22,Электроника,Центр,micro,FBO,north,offline_event,1
101918,2023-07-17,2023-07-22,Красота,Поволжье,medium,mixed,center,partner,1
101919,2023-11-02,2023-11-29,Одежда,Москва и МО,micro,mixed,south,organic,0
101920,2024-07-14,2024-09-30,Дом,Центр,small,FBS,center,referral,0
101921,2023-07-16,2023-07-26,Спорт,Поволжье,micro,FBS,center,partner,1
101922,2026-02-05,2026-03-02,Электроника,Москва и МО,small,FBS,south,offline_event,1
101923,2025-05-21,2025-06-21,Одежда,Санкт-Петербург,small,FBO,center,offline_event,1
101924,2023-11-04,2024-01-15,Одежда,Москва и МО,medium,FBS,west,partner,1
101925,2024-02-27,2024-04-21,Красота,Центр,micro,mixed,center,organic,1
101926,2024-04-23,2024-06-06,Детские товары,Юг,small,FBO,east,partner,0
101927,2023-08-24,2023-11-09,Дом,Сибирь,medium,mixed,west,partner,0
101928,2024-12-29,2025-01-26,Дом,Урал,micro,FBS,east,organic,1
101929,2025-05-31,2025-07-30,Одежда,Урал,micro,FBO,north,ads,1
101930,2024-09-07,2024-11-07,Красота,Урал,micro,mixed,north,organic,1
101931,2024-10-13,2024-11-05,Красота,Урал,micro,mixed,south,partner,1
101932,2023-10-14,2023-10-26,Обувь,Центр,small,FBO,west,ads,1
101933,2025-08-01,2025-08-26,Канцелярия,Москва и МО,micro,mixed,south,organic,1
101934,2023-12-22,2024-01-13,Спорт,Москва и МО,small,FBS,west,partner,1
101935,2025-08-22,2025-10-01,Одежда,Поволжье,large,FBS,west,organic,1
101936,2025-12-05,2025-12-25,Красота,Поволжье,micro,FBS,east,organic,1
101937,2026-02-16,2026-03-05,Спорт,Поволжье,small,FBO,center,organic,1
101938,2025-02-05,2025-03-03,Электроника,Санкт-Петербург,small,mixed,south,organic,1
101939,2025-10-01,2025-10-29,Обувь,Санкт-Петербург,small,FBS,west,referral,1
101940,2023-12-02,2024-01-19,Дом,Поволжье,micro,FBO,north,ads,1
101941,2026-02-03,2026-03-04,Обувь,Юг,small,FBS,north,organic,1
101942,2024-10-31,2024-12-11,Одежда,Юг,micro,FBO,north,ads,1
101943,2024-03-22,2024-04-26,Детские товары,Центр,medium,FBS,center,organic,1
101944,2026-01-03,2026-01-22,Дом,Центр,micro,FBS,south,partner,0
101945,2024-06-14,2024-06-22,Аксессуары,Санкт-Петербург,micro,FBO,west,referral,1
101946,2026-02-04,2026-03-31,Спорт,Сибирь,micro,FBO,west,referral,0
101947,2025-04-02,2025-07-01,Товары для животных,Юг,micro,FBO,center,partner,0
101948,2025-09-19,2025-09-28,Одежда,Юг,large,FBS,center,ads,1
101949,2025-08-04,2025-09-11,Одежда,Урал,micro,mixed,south,organic,1
101950,2025-08-02,2025-09-06,Красота,Санкт-Петербург,small,FBS,east,partner,1
101951,2025-01-25,2025-02-09,Детские товары,Сибирь,medium,FBO,center,partner,0
101952,2026-01-22,2026-04-04,Одежда,Сибирь,micro,mixed,center,organic,1
101953,2024-01-03,2024-02-12,Одежда,Урал,micro,FBS,center,partner,1
101954,2023-10-22,2023-11-08,Одежда,Урал,micro,FBO,south,partner,1
101955,2025-01-16,2025-02-06,Дом,Москва и МО,micro,FBS,south,offline_event,1
101956,2023-09-23,2023-10-29,Дом,Урал,small,FBO,center,referral,1
101957,2025-01-23,2025-02-16,Обувь,Поволжье,large,FBS,south,organic,1
101958,2024-08-19,2024-09-25,Одежда,Москва и МО,small,FBS,center,organic,1
101959,2025-10-28,2025-11-09,Красота,Санкт-Петербург,small,FBO,east,organic,1
101960,2025-11-03,2025-11-19,Красота,Москва и МО,small,FBO,west,partner,1
101961,2023-10-02,2023-11-03,Электроника,Юг,micro,FBS,center,organic,0
101962,2025-04-03,2025-04-26,Дом,Урал,medium,FBS,center,referral,1
101963,2025-05-09,2025-06-02,Дом,Москва и МО,small,mixed,north,offline_event,1
101964,2025-04-17,2025-05-09,Дом,Юг,medium,FBO,south,ads,0
101965,2025-09-10,2025-10-20,Детские товары,Сибирь,micro,FBS,center,partner,1
101966,2024-02-01,2024-03-19,Электроника,Юг,small,FBS,south,ads,1
101967,2024-06-17,2024-06-30,Дом,Москва и МО,micro,FBS,center,organic,0
101968,2024-04-29,2024-05-22,Канцелярия,Санкт-Петербург,small,mixed,south,ads,1
101969,2023-12-11,2024-01-08,Красота,Москва и МО,micro,FBS,east,ads,1
101970,2024-02-01,2024-02-24,Товары для животных,Урал,micro,FBO,center,offline_event,1
101971,2025-05-28,2025-06-14,Одежда,Москва и МО,micro,FBO,south,referral,0
101972,2025-04-09,2025-05-06,Электроника,Урал,micro,mixed,center,referral,1
101973,2025-02-03,2025-02-21,Одежда,Москва и МО,medium,FBS,south,organic,1
101974,2024-09-21,2024-10-18,Аксессуары,Урал,micro,FBO,center,partner,1
101975,2025-03-28,2025-05-31,Одежда,Москва и МО,small,FBS,south,organic,1
101976,2024-06-25,2024-07-23,Товары для животных,Поволжье,micro,FBO,center,organic,1
101977,2024-01-29,2024-02-14,Дом,Центр,medium,mixed,east,organic,1
101978,2026-01-21,2026-03-23,Красота,Урал,small,FBO,center,organic,1
101979,2023-08-27,2023-09-14,Электроника,Москва и МО,micro,FBS,south,ads,1
101980,2024-02-01,2024-02-24,Одежда,Сибирь,medium,FBO,north,offline_event,0
101981,2023-07-26,2023-09-21,Красота,Юг,micro,FBS,center,referral,0
101982,2026-03-06,2026-04-11,Товары для животных,Центр,large,FBO,south,organic,0
101983,2025-01-02,2025-02-09,Одежда,Поволжье,small,FBS,south,organic,1
101984,2025-09-13,2025-10-30,Дом,Юг,small,mixed,center,referral,1
101985,2025-03-12,2025-04-09,Одежда,Центр,micro,FBO,west,ads,1
101986,2026-03-09,2026-03-30,Одежда,Урал,micro,FBS,center,offline_event,1
101987,2024-09-15,2024-10-28,Одежда,Москва и МО,small,FBS,center,organic,0
101988,2025-01-01,2025-02-26,Красота,Юг,small,FBS,east,organic,0
101989,2025-10-05,2025-11-10,Товары для животных,Москва и МО,large,FBO,center,organic,1
101990,2024-12-24,2025-01-24,Красота,Центр,small,mixed,center,organic,1
101991,2025-09-20,2025-10-06,Товары для животных,Сибирь,micro,FBS,west,organic,0
101992,2024-04-27,2024-08-31,Канцелярия,Москва и МО,micro,FBO,west,ads,1
101993,2023-10-21,2023-12-08,Красота,Москва и МО,small,FBO,center,organic,1
101994,2023-09-10,2023-09-29,Обувь,Юг,medium,mixed,west,referral,1
101995,2025-06-23,2025-08-06,Детские товары,Москва и МО,micro,FBS,south,referral,1
101996,2025-03-25,2025-04-24,Обувь,Москва и МО,small,FBO,center,organic,1
101997,2025-12-25,2025-12-31,Одежда,Поволжье,micro,mixed,north,offline_event,1
101998,2024-06-06,2024-06-13,Дом,Сибирь,micro,FBS,east,partner,1
101999,2025-08-18,2025-09-30,Дом,Москва и МО,medium,FBO,south,referral,1
102000,2026-01-07,2026-03-15,Спорт,Санкт-Петербург,micro,FBO,center,referral,1
102001,2026-01-31,2026-02-24,Одежда,Центр,micro,mixed,west,ads,1
102002,2025-06-15,2025-07-14,Красота,Москва и МО,small,FBO,west,ads,1
102003,2025-01-26,2025-02-08,Красота,Поволжье,small,FBS,center,ads,0
102004,2025-05-11,2025-05-20,Одежда,Центр,medium,mixed,center,offline_event,1
102005,2024-11-23,2025-01-11,Красота,Урал,micro,FBS,north,partner,1
102006,2024-01-11,2024-01-27,Канцелярия,Поволжье,small,FBS,center,ads,1
102007,2024-05-01,2024-05-20,Дом,Санкт-Петербург,medium,FBO,north,organic,0
102008,2024-11-28,2025-01-11,Спорт,Поволжье,small,FBO,east,partner,1
102009,2023-11-16,2023-12-09,Детские товары,Москва и МО,micro,FBO,east,referral,1
102010,2024-08-02,2024-08-06,Обувь,Москва и МО,small,FBS,west,organic,1
102011,2024-04-25,2024-06-08,Детские товары,Центр,small,FBS,south,referral,1
102012,2023-09-22,2023-10-01,Одежда,Поволжье,small,FBO,south,organic,1
102013,2024-09-07,2024-09-10,Дом,Москва и МО,micro,FBS,south,referral,1
102014,2026-02-20,2026-03-10,Детские товары,Москва и МО,micro,mixed,north,partner,0
102015,2024-08-14,2024-08-26,Одежда,Санкт-Петербург,medium,FBO,west,organic,0
102016,2023-09-19,2023-09-29,Спорт,Сибирь,micro,FBS,center,organic,0
102017,2023-07-24,2023-07-31,Одежда,Дальний Восток,large,FBO,center,organic,1
102018,2024-02-14,2024-03-24,Одежда,Санкт-Петербург,small,FBO,center,organic,0
102019,2025-03-30,2025-04-24,Одежда,Юг,small,FBS,south,partner,1
102020,2024-06-06,2024-06-17,Одежда,Юг,micro,FBO,west,partner,1
102021,2024-12-05,2024-12-18,Канцелярия,Москва и МО,micro,FBO,center,referral,1
102022,2023-10-25,2023-11-10,Обувь,Санкт-Петербург,micro,FBS,south,organic,1
102023,2025-08-27,2025-09-06,Канцелярия,Поволжье,medium,mixed,west,organic,1
102024,2025-09-16,2025-09-21,Дом,Москва и МО,micro,FBO,north,referral,1
102025,2026-02-20,2026-03-10,Одежда,Москва и МО,micro,FBS,center,offline_event,1
102026,2024-10-05,2024-10-11,Дом,Юг,medium,FBS,south,referral,0
102027,2023-08-07,2023-10-07,Дом,Сибирь,micro,FBS,south,organic,1
102028,2024-09-22,2024-09-29,Одежда,Сибирь,micro,FBS,center,referral,1
102029,2025-07-23,2025-08-04,Одежда,Санкт-Петербург,medium,FBO,north,organic,1
102030,2023-09-08,2023-09-30,Дом,Москва и МО,small,FBS,center,organic,1
102031,2023-12-25,2024-01-28,Красота,Юг,small,FBS,center,organic,0
102032,2024-08-23,2024-09-02,Красота,Москва и МО,small,FBS,north,partner,0
102033,2025-04-26,2025-05-13,Обувь,Поволжье,micro,FBS,center,ads,1
102034,2025-02-26,2025-03-16,Товары для животных,Юг,small,FBO,west,organic,0
102035,2025-10-14,2025-11-12,Аксессуары,Санкт-Петербург,micro,FBS,south,offline_event,0
102036,2024-08-26,2024-10-15,Товары для животных,Центр,small,FBS,center,ads,1
102037,2025-08-28,2025-09-30,Красота,Москва и МО,medium,FBS,north,offline_event,1
102038,2023-09-23,2023-10-11,Одежда,Сибирь,micro,FBO,west,organic,1
102039,2025-09-13,2025-09-29,Одежда,Поволжье,small,FBO,east,ads,1
102040,2024-11-12,2024-11-30,Дом,Урал,large,FBO,south,partner,0
102041,2025-11-11,2025-12-15,Аксессуары,Юг,micro,FBS,east,ads,1
102042,2024-03-26,2024-04-06,Одежда,Урал,medium,FBO,west,referral,1
102043,2023-11-23,2024-01-10,Товары для животных,Москва и МО,medium,FBO,west,ads,1
102044,2024-09-03,2024-10-04,Одежда,Юг,small,mixed,center,referral,1
102045,2025-10-29,2025-11-07,Одежда,Москва и МО,micro,FBS,north,organic,1
102046,2026-01-22,2026-02-10,Обувь,Поволжье,small,FBO,east,offline_event,0
102047,2025-11-06,2025-12-01,Дом,Поволжье,micro,FBS,south,referral,1
102048,2025-08-20,2025-08-26,Детские товары,Центр,small,FBO,south,organic,0
102049,2025-09-01,2025-09-24,Красота,Санкт-Петербург,micro,FBO,west,organic,0
102050,2025-08-06,2025-09-09,Дом,Москва и МО,micro,FBO,south,offline_event,0
102051,2023-11-13,2023-11-21,Спорт,Москва и МО,micro,FBO,center,organic,0
102052,2025-08-17,2025-08-27,Товары для животных,Москва и МО,small,FBO,north,organic,0
102053,2025-10-05,2025-11-17,Товары для животных,Юг,small,mixed,center,organic,1
102054,2023-08-20,2023-08-29,Обувь,Москва и МО,micro,FBO,west,partner,0
102055,2025-10-16,2025-10-31,Одежда,Сибирь,medium,FBS,center,partner,1
102056,2025-01-12,2025-02-10,Дом,Санкт-Петербург,large,FBS,center,organic,1
102057,2026-03-11,2026-03-17,Обувь,Юг,small,FBO,east,offline_event,0
102058,2023-11-14,2023-11-22,Красота,Юг,micro,FBS,west,referral,0
102059,2024-10-17,2024-11-11,Дом,Поволжье,small,FBS,east,ads,0
102060,2023-09-19,2023-10-03,Одежда,Поволжье,small,FBS,east,organic,1
102061,2023-09-06,2023-10-19,Дом,Санкт-Петербург,micro,FBO,south,organic,0
102062,2023-11-27,2023-12-16,Детские товары,Москва и МО,micro,FBO,north,ads,0
102063,2025-09-27,2025-10-29,Товары для животных,Центр,small,FBO,south,offline_event,1
102064,2026-02-14,2026-02-26,Обувь,Поволжье,large,mixed,east,organic,1
102065,2025-02-28,2025-03-31,Электроника,Москва и МО,small,FBO,north,referral,1
102066,2023-10-10,2023-10-22,Аксессуары,Урал,medium,FBO,center,partner,1
102067,2025-01-31,2025-02-08,Красота,Москва и МО,micro,FBS,south,offline_event,0
102068,2025-06-09,2025-06-30,Дом,Поволжье,micro,FBS,north,organic,1
102069,2024-06-27,2024-08-15,Одежда,Урал,micro,FBO,north,partner,1
102070,2023-10-31,2023-11-17,Электроника,Дальний Восток,micro,FBO,center,ads,1
102071,2024-10-16,2024-10-22,Одежда,Москва и МО,micro,FBO,center,referral,1
102072,2023-07-31,2023-09-12,Одежда,Центр,medium,FBS,north,offline_event,1
102073,2024-11-12,2024-11-29,Спорт,Санкт-Петербург,micro,FBO,west,organic,0
102074,2026-03-14,2026-04-19,Товары для животных,Поволжье,large,FBS,west,organic,1
102075,2023-09-12,2023-10-04,Канцелярия,Москва и МО,small,FBO,east,organic,0
102076,2023-11-25,2023-12-06,Дом,Сибирь,medium,FBO,center,organic,0
102077,2025-06-12,2025-07-10,Аксессуары,Урал,micro,FBS,west,organic,1
102078,2025-01-30,2025-04-06,Спорт,Центр,micro,FBS,center,partner,1
102079,2023-09-18,2023-09-27,Спорт,Москва и МО,micro,mixed,center,ads,1
102080,2025-08-04,2025-08-14,Аксессуары,Москва и МО,micro,FBO,east,organic,1
102081,2023-11-06,2023-11-26,Красота,Санкт-Петербург,small,FBO,south,organic,1
102082,2023-12-30,2024-02-20,Одежда,Москва и МО,micro,FBS,west,partner,0
102083,2024-07-18,2024-09-14,Товары для животных,Урал,micro,mixed,north,offline_event,0
102084,2025-02-17,2025-03-16,Спорт,Центр,small,FBS,north,offline_event,0
102085,2024-08-23,2024-10-27,Детские товары,Центр,medium,mixed,center,referral,1
102086,2023-09-09,2023-10-04,Красота,Сибирь,medium,FBO,east,ads,0
102087,2025-02-14,2025-02-24,Дом,Юг,small,FBO,north,referral,1
102088,2024-03-11,2024-03-22,Одежда,Москва и МО,small,FBS,south,partner,1
102089,2026-02-19,2026-03-15,Детские товары,Поволжье,small,FBS,west,ads,1
102090,2025-10-05,2025-10-26,Одежда,Москва и МО,medium,FBS,south,offline_event,1
102091,2025-06-11,2025-07-02,Канцелярия,Санкт-Петербург,small,FBO,south,offline_event,1
102092,2026-02-04,2026-02-21,Дом,Москва и МО,small,FBS,east,offline_event,1
102093,2025-12-27,2026-01-27,Товары для животных,Поволжье,small,FBO,center,partner,1
102094,2023-07-26,2023-08-14,Одежда,Санкт-Петербург,small,mixed,south,organic,1
102095,2024-03-19,2024-04-23,Одежда,Центр,micro,FBO,east,partner,0
102096,2025-08-26,2025-10-06,Товары для животных,Поволжье,micro,FBS,east,partner,0
102097,2023-07-09,2023-07-22,Спорт,Юг,micro,FBS,west,referral,1
102098,2024-04-19,2024-05-29,Товары для животных,Москва и МО,micro,FBO,north,organic,1
102099,2024-10-17,2024-11-08,Красота,Москва и МО,medium,mixed,center,partner,1
102100,2025-10-24,2026-01-08,Товары для животных,Урал,small,FBS,west,ads,1
102101,2024-06-29,2024-08-14,Детские товары,Поволжье,micro,FBO,center,organic,1
102102,2024-12-30,2025-01-06,Детские товары,Урал,small,FBS,center,organic,1
102103,2025-03-07,2025-03-09,Электроника,Урал,micro,FBO,south,organic,0
102104,2025-03-27,2025-04-26,Аксессуары,Москва и МО,micro,FBO,east,referral,1
102105,2023-10-29,2023-11-08,Товары для животных,Сибирь,medium,FBO,east,organic,0
102106,2024-04-22,2024-05-12,Дом,Поволжье,small,FBO,east,organic,1
102107,2023-12-23,2024-01-03,Товары для животных,Центр,micro,mixed,east,organic,1
102108,2024-01-31,2024-02-10,Красота,Москва и МО,micro,FBO,north,organic,0
102109,2024-07-09,2024-07-28,Одежда,Урал,medium,FBO,east,partner,0
102110,2026-02-07,2026-03-24,Аксессуары,Санкт-Петербург,micro,FBS,east,referral,0
102111,2025-11-10,2026-02-14,Детские товары,Центр,micro,FBO,west,referral,1
102112,2025-03-12,2025-03-24,Электроника,Дальний Восток,small,FBO,south,ads,1
102113,2023-12-04,2023-12-22,Дом,Юг,micro,FBS,north,ads,1
102114,2023-12-02,2024-01-20,Аксессуары,Москва и МО,medium,FBO,center,organic,1
102115,2025-07-18,2025-07-29,Обувь,Урал,micro,FBO,center,offline_event,0
102116,2025-03-23,2025-04-12,Электроника,Москва и МО,micro,FBO,south,organic,1
102117,2025-07-10,2025-07-25,Дом,Поволжье,micro,FBS,center,partner,1
102118,2025-01-23,2025-02-18,Одежда,Сибирь,micro,FBO,west,organic,1
102119,2024-02-07,2024-03-22,Детские товары,Центр,micro,FBO,center,organic,1
102120,2023-12-07,2024-02-26,Одежда,Центр,medium,FBO,south,organic,0
102121,2023-12-12,2024-01-15,Детские товары,Поволжье,small,FBO,west,ads,1
102122,2025-06-07,2025-08-09,Канцелярия,Урал,small,FBO,center,ads,1
102123,2025-03-13,2025-04-11,Одежда,Урал,small,FBO,west,partner,0
102124,2023-07-30,2023-08-16,Дом,Юг,small,mixed,center,organic,1
102125,2023-12-12,2024-01-07,Одежда,Санкт-Петербург,micro,FBS,east,offline_event,1
102126,2026-01-05,2026-02-14,Дом,Дальний Восток,micro,FBS,center,partner,1
102127,2026-01-26,2026-02-09,Канцелярия,Центр,micro,mixed,center,referral,1
102128,2023-10-15,2023-11-30,Аксессуары,Москва и МО,medium,FBS,center,partner,0
102129,2024-01-18,2024-01-27,Дом,Санкт-Петербург,micro,FBO,center,organic,1
102130,2023-12-30,2024-01-07,Детские товары,Поволжье,large,FBO,center,ads,1
102131,2026-02-01,2026-02-20,Спорт,Москва и МО,micro,mixed,east,organic,1
102132,2024-03-08,2024-03-28,Канцелярия,Москва и МО,medium,mixed,center,ads,0
102133,2023-10-09,2023-11-14,Канцелярия,Урал,medium,FBO,north,organic,0
102134,2025-11-17,2025-12-18,Обувь,Санкт-Петербург,micro,FBS,center,partner,1
102135,2025-12-14,2025-12-20,Красота,Сибирь,small,mixed,south,offline_event,0
102136,2023-08-10,2023-09-10,Спорт,Санкт-Петербург,medium,FBS,south,organic,0
102137,2025-08-11,2025-08-15,Товары для животных,Юг,medium,FBS,north,partner,1
102138,2023-12-15,2023-12-31,Одежда,Москва и МО,micro,FBO,east,referral,1
102139,2024-11-17,2025-02-12,Аксессуары,Центр,micro,FBS,center,partner,1
102140,2025-12-22,2026-01-21,Одежда,Сибирь,micro,FBS,center,organic,1
102141,2023-09-22,2023-10-13,Обувь,Юг,large,FBO,center,referral,1
102142,2025-03-22,2025-05-04,Товары для животных,Москва и МО,medium,mixed,center,organic,1
102143,2024-07-30,2024-08-07,Дом,Москва и МО,micro,mixed,east,organic,1
102144,2023-08-12,2023-09-17,Товары для животных,Москва и МО,micro,FBO,center,ads,0
102145,2024-05-02,2024-05-19,Одежда,Поволжье,micro,FBS,east,organic,1
102146,2023-10-07,2024-01-18,Обувь,Центр,small,FBO,north,organic,0
102147,2024-07-31,2024-08-27,Спорт,Юг,micro,FBS,north,organic,1
102148,2024-07-14,2024-07-26,Обувь,Сибирь,micro,mixed,south,offline_event,1
102149,2025-05-28,2025-06-17,Одежда,Москва и МО,small,FBS,north,organic,1
102150,2026-01-15,2026-03-16,Красота,Дальний Восток,micro,FBO,north,ads,0
102151,2024-11-07,2024-11-25,Спорт,Юг,small,FBS,center,referral,1
102152,2025-10-11,2025-11-06,Дом,Москва и МО,small,FBO,north,ads,1
102153,2024-09-30,2024-10-14,Обувь,Центр,small,FBO,east,organic,1
102154,2025-09-17,2025-11-03,Канцелярия,Поволжье,small,FBO,south,organic,1
102155,2024-09-20,2024-10-09,Одежда,Центр,large,FBO,center,referral,0
102156,2024-06-03,2024-08-07,Детские товары,Центр,micro,FBO,center,organic,0
102157,2024-10-14,2024-12-22,Электроника,Сибирь,micro,mixed,north,partner,1
102158,2024-09-17,2024-09-24,Электроника,Сибирь,small,FBS,north,referral,1
102159,2025-09-21,2025-10-14,Электроника,Урал,micro,FBS,west,organic,1
102160,2026-01-24,2026-02-13,Обувь,Центр,small,FBO,north,organic,1
102161,2025-02-20,2025-03-02,Одежда,Москва и МО,micro,FBO,center,organic,1
102162,2024-03-02,2024-03-13,Электроника,Центр,micro,FBS,center,partner,0
102163,2024-11-25,2024-12-20,Обувь,Поволжье,small,FBS,west,ads,1
102164,2025-01-27,2025-04-22,Спорт,Москва и МО,medium,FBS,south,ads,1
102165,2025-10-09,2025-10-13,Аксессуары,Поволжье,small,FBO,south,referral,1
102166,2025-04-12,2025-05-25,Товары для животных,Москва и МО,micro,mixed,west,organic,1
102167,2024-07-14,2024-08-02,Аксессуары,Поволжье,medium,FBO,west,organic,1
102168,2024-03-15,2024-04-07,Товары для животных,Юг,micro,FBO,center,organic,1
102169,2024-04-19,2024-05-02,Красота,Москва и МО,medium,FBS,south,organic,1
102170,2024-12-04,2024-12-20,Дом,Поволжье,small,FBO,north,organic,1
102171,2026-03-14,2026-04-29,Товары для животных,Центр,small,FBO,center,organic,1
102172,2025-06-29,2025-08-03,Канцелярия,Москва и МО,micro,FBO,center,partner,1
102173,2024-09-04,2024-09-17,Электроника,Урал,micro,FBS,center,partner,0
102174,2025-07-10,2025-08-03,Дом,Дальний Восток,micro,FBO,center,ads,1
102175,2025-02-16,2025-02-24,Электроника,Москва и МО,medium,FBS,north,offline_event,0
102176,2025-09-07,2025-09-28,Одежда,Москва и МО,small,FBS,north,referral,1
102177,2024-09-01,2024-09-17,Обувь,Москва и МО,medium,FBO,center,referral,1
102178,2024-06-12,2024-06-27,Одежда,Центр,small,FBS,west,ads,0
102179,2024-06-18,2024-06-29,Спорт,Москва и МО,micro,mixed,north,ads,1
102180,2024-07-13,2024-08-21,Аксессуары,Поволжье,small,FBO,west,organic,1
102181,2023-07-31,2023-08-30,Канцелярия,Центр,small,FBS,north,offline_event,1
102182,2025-12-29,2026-01-12,Красота,Юг,micro,FBS,center,organic,0
102183,2023-07-15,2023-08-01,Электроника,Москва и МО,small,FBO,south,organic,1
102184,2025-12-23,2025-12-29,Красота,Центр,medium,mixed,north,referral,1
102185,2023-11-11,2023-12-15,Дом,Сибирь,small,FBO,north,organic,1
102186,2024-01-22,2024-02-19,Дом,Москва и МО,micro,FBO,east,organic,1
102187,2023-11-29,2023-12-19,Красота,Москва и МО,micro,mixed,north,offline_event,1
102188,2025-02-08,2025-03-21,Дом,Поволжье,large,FBO,south,partner,1
102189,2024-03-03,2024-04-05,Спорт,Сибирь,medium,mixed,east,ads,1
102190,2025-02-15,2025-03-10,Электроника,Юг,micro,mixed,east,partner,1
102191,2024-07-06,2024-08-18,Электроника,Поволжье,small,mixed,north,offline_event,1
102192,2025-07-05,2025-08-10,Дом,Юг,small,FBS,west,ads,1
102193,2024-12-03,2024-12-14,Обувь,Поволжье,micro,mixed,center,ads,1
102194,2024-06-19,2024-06-23,Красота,Урал,micro,FBS,north,ads,1
102195,2026-03-12,2026-04-21,Одежда,Москва и МО,small,mixed,east,organic,1
102196,2023-11-03,2023-11-12,Спорт,Москва и МО,micro,FBS,west,organic,0
102197,2024-03-20,2024-04-02,Дом,Урал,micro,FBO,west,organic,1
102198,2023-10-15,2023-10-26,Аксессуары,Москва и МО,small,FBS,center,ads,1
102199,2023-10-18,2023-11-04,Одежда,Центр,small,FBO,south,offline_event,0
102200,2024-10-06,2024-10-24,Одежда,Москва и МО,small,FBS,center,organic,1
102201,2024-11-09,2024-11-22,Дом,Санкт-Петербург,micro,FBO,west,ads,0
102202,2024-11-23,2024-12-13,Одежда,Поволжье,micro,FBO,center,referral,1
102203,2025-11-29,2025-12-17,Спорт,Санкт-Петербург,micro,FBO,north,organic,0
102204,2025-10-10,2025-11-03,Одежда,Поволжье,micro,FBS,center,partner,1
102205,2023-09-29,2023-11-16,Электроника,Санкт-Петербург,medium,FBO,east,organic,1
102206,2025-01-17,2025-02-06,Канцелярия,Юг,large,FBS,south,organic,1
102207,2024-02-29,2024-03-30,Спорт,Юг,small,FBO,center,organic,0
102208,2023-09-18,2023-10-07,Спорт,Юг,small,FBO,east,referral,1
102209,2024-03-22,2024-04-01,Красота,Поволжье,medium,FBS,center,partner,1
102210,2024-01-15,2024-02-11,Детские товары,Центр,micro,mixed,center,offline_event,1
102211,2023-08-17,2023-10-23,Дом,Поволжье,micro,FBS,north,partner,0
102212,2024-09-14,2024-09-24,Спорт,Поволжье,micro,mixed,east,ads,1
102213,2025-04-13,2025-06-13,Одежда,Москва и МО,small,FBS,center,organic,1
102214,2025-10-26,2025-12-10,Дом,Юг,micro,FBS,east,partner,0
102215,2023-10-25,2023-12-01,Одежда,Центр,micro,FBS,west,organic,1
102216,2025-01-27,2025-02-22,Товары для животных,Центр,micro,FBS,center,partner,1
102217,2023-12-12,2024-01-15,Одежда,Центр,micro,mixed,east,organic,1
102218,2025-04-06,2025-05-11,Электроника,Москва и МО,small,FBO,north,partner,1
102219,2023-10-23,2023-12-07,Одежда,Москва и МО,micro,FBS,center,partner,1
102220,2023-10-02,2023-11-01,Дом,Дальний Восток,micro,FBS,center,organic,0
102221,2024-08-30,2024-10-31,Товары для животных,Москва и МО,medium,FBO,south,organic,0
102222,2025-12-20,2026-01-02,Красота,Центр,micro,FBO,south,partner,1
102223,2024-12-10,2024-12-29,Красота,Поволжье,small,FBS,south,referral,1
102224,2024-04-29,2024-05-23,Красота,Юг,micro,FBO,north,ads,1
102225,2023-11-17,2024-01-30,Спорт,Москва и МО,micro,FBS,center,referral,1
102226,2023-08-24,2023-09-01,Одежда,Москва и МО,small,FBO,south,partner,1
102227,2024-07-08,2024-09-06,Аксессуары,Москва и МО,micro,FBS,center,organic,1
102228,2025-02-28,2025-04-01,Одежда,Юг,small,FBO,east,partner,1
102229,2023-08-29,2023-10-01,Электроника,Москва и МО,micro,FBO,center,organic,0
102230,2025-07-08,2025-07-21,Спорт,Центр,medium,FBO,center,offline_event,1
102231,2024-01-22,2024-02-05,Товары для животных,Москва и МО,micro,mixed,west,ads,1
102232,2024-06-04,2024-07-02,Одежда,Дальний Восток,micro,FBO,center,partner,1
102233,2024-05-20,2024-07-29,Товары для животных,Сибирь,micro,FBO,center,organic,1
102234,2023-08-15,2023-09-23,Детские товары,Центр,micro,FBS,center,offline_event,1
102235,2024-02-16,2024-03-03,Дом,Поволжье,small,mixed,center,referral,0
102236,2024-07-09,2024-07-27,Одежда,Центр,micro,FBO,north,organic,1
102237,2023-11-07,2023-12-06,Детские товары,Сибирь,small,FBO,north,offline_event,0
102238,2025-05-24,2025-06-03,Аксессуары,Санкт-Петербург,medium,FBS,north,organic,0
102239,2026-02-19,2026-03-07,Одежда,Юг,micro,mixed,east,organic,0
102240,2024-11-14,2024-12-14,Аксессуары,Сибирь,micro,FBO,south,ads,1
102241,2025-08-07,2025-09-17,Дом,Центр,small,FBO,north,partner,1
102242,2024-11-06,2024-11-18,Одежда,Поволжье,micro,mixed,south,organic,1
102243,2024-11-21,2024-12-01,Электроника,Москва и МО,medium,FBO,center,organic,1
102244,2025-06-27,2025-08-10,Красота,Урал,small,FBS,center,offline_event,0
102245,2023-10-29,2024-01-12,Красота,Поволжье,micro,FBO,center,partner,1
102246,2026-02-28,2026-04-14,Дом,Центр,micro,FBO,west,partner,1
102247,2025-10-03,2025-10-22,Красота,Сибирь,small,FBS,north,partner,1
102248,2023-10-25,2023-11-20,Обувь,Поволжье,micro,FBS,north,referral,1
102249,2023-11-02,2023-12-10,Красота,Юг,micro,FBO,center,organic,1
102250,2024-06-29,2024-07-05,Обувь,Москва и МО,small,FBO,north,partner,0
102251,2025-05-23,2025-07-27,Одежда,Поволжье,small,FBO,south,partner,1
102252,2025-05-05,2025-05-14,Детские товары,Сибирь,small,mixed,center,organic,1
102253,2023-08-16,2023-09-21,Одежда,Дальний Восток,micro,mixed,center,referral,1
102254,2025-07-18,2025-08-03,Спорт,Дальний Восток,medium,FBS,east,organic,1
102255,2023-11-13,2023-11-26,Электроника,Санкт-Петербург,small,FBO,center,organic,1
102256,2024-06-23,2024-07-24,Одежда,Санкт-Петербург,micro,FBS,east,ads,1
102257,2023-12-04,2024-01-14,Дом,Центр,micro,mixed,south,organic,1
102258,2024-03-26,2024-04-10,Дом,Москва и МО,small,FBS,south,referral,1
102259,2024-10-18,2024-11-20,Электроника,Москва и МО,micro,FBO,north,partner,1
102260,2024-04-20,2024-05-18,Электроника,Сибирь,micro,FBO,north,organic,1
102261,2024-01-31,2024-02-18,Канцелярия,Юг,medium,FBS,center,partner,1
102262,2026-01-15,2026-02-18,Дом,Москва и МО,medium,FBS,north,referral,1
102263,2025-11-21,2026-01-19,Электроника,Урал,medium,FBS,center,ads,1
102264,2025-01-13,2025-02-18,Детские товары,Москва и МО,micro,FBS,west,organic,0
102265,2025-07-15,2025-07-22,Одежда,Урал,small,FBS,east,partner,1
102266,2024-02-17,2024-02-29,Одежда,Урал,large,FBO,south,organic,1
102267,2024-11-01,2024-11-15,Обувь,Юг,medium,FBS,center,organic,1
102268,2025-04-16,2025-05-02,Обувь,Центр,micro,FBS,center,referral,1
102269,2025-12-08,2026-01-09,Одежда,Поволжье,micro,FBO,east,organic,1
102270,2023-10-08,2023-10-27,Электроника,Юг,micro,FBO,west,ads,1
102271,2025-08-05,2025-09-01,Детские товары,Юг,micro,FBO,north,organic,1
102272,2024-09-25,2025-01-02,Одежда,Москва и МО,large,FBS,west,partner,0
102273,2023-11-07,2023-12-13,Дом,Москва и МО,large,FBO,east,ads,1
102274,2023-07-16,2023-08-04,Аксессуары,Москва и МО,medium,FBO,west,partner,1
102275,2025-09-29,2025-10-12,Обувь,Москва и МО,micro,FBO,west,organic,1
102276,2024-05-30,2024-06-27,Одежда,Центр,large,mixed,east,organic,0
102277,2025-12-09,2025-12-27,Спорт,Дальний Восток,micro,FBO,south,organic,1
102278,2024-05-23,2024-06-07,Товары для животных,Поволжье,micro,FBO,south,referral,1
102279,2024-09-04,2024-09-24,Одежда,Москва и МО,medium,FBO,north,ads,1
102280,2024-08-06,2024-09-15,Одежда,Центр,micro,FBO,south,organic,0
102281,2024-10-31,2024-12-15,Обувь,Москва и МО,micro,mixed,west,organic,1
102282,2023-09-10,2023-10-05,Обувь,Юг,large,FBS,center,partner,1
102283,2025-12-25,2026-01-03,Спорт,Урал,medium,FBS,east,organic,1
102284,2025-05-26,2025-06-03,Одежда,Юг,large,FBO,north,organic,1
102285,2025-09-15,2025-10-23,Одежда,Центр,small,FBS,center,referral,1
102286,2024-03-18,2024-04-10,Спорт,Сибирь,micro,FBO,south,referral,0
102287,2024-10-22,2024-12-22,Красота,Москва и МО,medium,mixed,center,partner,0
102288,2023-12-17,2023-12-24,Одежда,Центр,medium,FBS,north,organic,1
102289,2025-11-18,2025-11-23,Спорт,Москва и МО,small,FBS,west,organic,1
102290,2024-04-09,2024-05-01,Канцелярия,Санкт-Петербург,micro,FBS,center,organic,1
102291,2024-06-14,2024-08-10,Одежда,Москва и МО,micro,FBS,south,ads,0
102292,2025-07-03,2025-08-07,Дом,Поволжье,micro,FBO,center,organic,1
102293,2024-03-26,2024-04-06,Канцелярия,Юг,medium,FBO,south,organic,1
102294,2026-02-11,2026-02-25,Дом,Центр,medium,FBS,center,organic,1
102295,2023-09-07,2023-11-07,Товары для животных,Сибирь,micro,FBO,north,referral,1
102296,2024-03-04,2024-04-02,Одежда,Центр,micro,FBS,east,ads,1
102297,2023-11-21,2023-12-19,Одежда,Урал,micro,FBO,center,organic,1
102298,2023-10-21,2023-11-01,Красота,Санкт-Петербург,micro,mixed,north,partner,1
102299,2024-07-17,2024-08-27,Красота,Москва и МО,medium,mixed,north,partner,1
102300,2023-10-03,2023-10-25,Одежда,Москва и МО,small,FBS,south,ads,1
102301,2025-05-12,2025-06-05,Товары для животных,Урал,micro,FBS,center,organic,1
102302,2024-01-01,2024-02-23,Детские товары,Урал,large,FBS,center,referral,1
102303,2025-01-26,2025-03-27,Спорт,Поволжье,small,FBO,center,ads,0
102304,2025-06-02,2025-06-21,Товары для животных,Санкт-Петербург,micro,mixed,center,offline_event,0
102305,2024-01-29,2024-02-22,Одежда,Поволжье,micro,FBO,center,ads,0
102306,2024-07-27,2024-09-10,Красота,Центр,large,mixed,west,offline_event,0
102307,2024-04-21,2024-05-13,Аксессуары,Юг,micro,FBO,west,partner,1
102308,2024-09-23,2024-10-15,Детские товары,Урал,micro,FBO,east,organic,1
102309,2025-09-20,2025-10-15,Красота,Юг,small,FBO,west,organic,1
102310,2023-10-01,2023-10-29,Аксессуары,Юг,micro,FBO,west,organic,1
102311,2025-02-06,2025-03-12,Красота,Центр,micro,FBO,north,ads,0
102312,2025-08-18,2025-09-09,Дом,Центр,small,FBO,east,organic,1
102313,2025-07-03,2025-08-17,Красота,Центр,medium,FBO,north,ads,1
102314,2025-02-20,2025-03-11,Одежда,Центр,medium,mixed,west,referral,1
102315,2023-10-28,2023-11-03,Спорт,Сибирь,micro,FBO,west,partner,1
102316,2025-10-16,2025-11-02,Аксессуары,Сибирь,small,FBO,south,referral,1
102317,2025-04-05,2025-07-04,Спорт,Москва и МО,micro,FBS,west,referral,0
102318,2023-10-11,2023-11-14,Дом,Москва и МО,small,mixed,west,organic,1
102319,2024-10-11,2024-10-21,Красота,Сибирь,micro,FBO,center,organic,1
102320,2024-05-04,2024-07-06,Дом,Поволжье,micro,FBO,west,partner,1
102321,2024-03-07,2024-03-18,Спорт,Москва и МО,large,mixed,west,partner,1
102322,2024-08-11,2024-09-12,Канцелярия,Центр,micro,FBO,west,partner,1
102323,2025-01-30,2025-03-21,Дом,Центр,micro,FBS,center,referral,1
102324,2024-10-05,2024-11-13,Электроника,Поволжье,medium,FBS,east,partner,1
102325,2024-11-20,2024-12-03,Красота,Юг,small,mixed,south,organic,1
102326,2023-07-22,2023-11-03,Одежда,Москва и МО,micro,FBO,north,referral,1
102327,2025-12-18,2026-01-02,Спорт,Юг,medium,FBO,center,partner,0
102328,2025-06-10,2025-07-11,Дом,Поволжье,micro,FBO,north,ads,0
102329,2025-11-15,2025-12-04,Дом,Москва и МО,micro,FBS,north,ads,1
102330,2024-04-17,2024-08-04,Обувь,Москва и МО,micro,FBO,west,organic,1
102331,2024-11-04,2024-11-19,Одежда,Москва и МО,small,mixed,north,offline_event,0
102332,2026-01-23,2026-02-22,Красота,Поволжье,small,mixed,center,organic,0
102333,2024-04-28,2024-05-29,Красота,Юг,large,FBS,center,ads,0
102334,2025-09-17,2025-10-18,Одежда,Москва и МО,small,mixed,west,ads,1
102335,2025-11-17,2025-12-10,Одежда,Москва и МО,small,FBS,center,offline_event,0
102336,2025-01-03,2025-03-04,Электроника,Центр,micro,FBS,west,organic,0
102337,2025-02-11,2025-02-19,Дом,Санкт-Петербург,micro,mixed,north,referral,1
102338,2025-08-28,2025-10-01,Детские товары,Сибирь,micro,FBS,north,referral,1
102339,2024-10-29,2024-12-07,Аксессуары,Центр,small,FBO,north,ads,1
102340,2025-06-24,2025-07-14,Электроника,Санкт-Петербург,micro,FBS,south,referral,1
102341,2024-11-15,2025-01-10,Одежда,Юг,small,FBS,center,referral,1
102342,2024-08-15,2024-08-25,Красота,Поволжье,medium,FBO,south,organic,0
102343,2024-05-16,2024-05-25,Одежда,Москва и МО,micro,FBO,south,ads,1
102344,2024-05-14,2024-06-06,Аксессуары,Санкт-Петербург,small,FBO,center,organic,1
102345,2023-12-25,2024-01-02,Спорт,Урал,small,FBO,center,organic,1
102346,2025-08-08,2025-08-11,Товары для животных,Санкт-Петербург,micro,FBS,center,partner,1
102347,2023-07-09,2023-08-14,Одежда,Урал,micro,mixed,north,offline_event,1
102348,2024-03-10,2024-03-24,Красота,Поволжье,medium,FBO,west,partner,1
102349,2024-07-28,2024-08-03,Красота,Сибирь,micro,FBO,center,organic,0
102350,2025-05-12,2025-06-03,Обувь,Центр,micro,FBS,east,ads,1
102351,2024-03-06,2024-04-12,Одежда,Центр,micro,mixed,east,organic,0
102352,2024-04-13,2024-04-22,Канцелярия,Санкт-Петербург,small,FBO,east,organic,0
102353,2026-03-01,2026-03-09,Одежда,Сибирь,micro,FBS,east,offline_event,1
102354,2024-09-12,2024-09-24,Красота,Поволжье,micro,FBS,west,offline_event,1
102355,2023-12-28,2024-01-13,Обувь,Москва и МО,micro,FBS,center,organic,0
102356,2026-01-20,2026-02-25,Красота,Москва и МО,micro,FBO,north,organic,0
102357,2025-02-10,2025-03-04,Дом,Центр,micro,FBO,center,organic,1
102358,2025-11-17,2026-01-09,Обувь,Сибирь,medium,FBO,west,organic,0
102359,2024-08-13,2024-10-09,Канцелярия,Урал,micro,FBO,west,referral,1
102360,2024-06-28,2024-07-24,Обувь,Поволжье,micro,mixed,center,partner,1
102361,2024-02-26,2024-05-01,Красота,Москва и МО,small,FBO,center,ads,1
102362,2025-08-09,2025-08-27,Красота,Москва и МО,small,FBO,south,offline_event,1
102363,2024-02-24,2024-03-21,Обувь,Центр,medium,mixed,west,organic,1
102364,2023-12-29,2024-02-29,Детские товары,Урал,small,FBO,south,organic,1
102365,2026-01-10,2026-03-03,Одежда,Юг,micro,FBS,east,organic,1
102366,2025-01-12,2025-01-31,Одежда,Поволжье,medium,FBS,center,referral,1
102367,2026-02-13,2026-03-06,Обувь,Москва и МО,small,FBO,north,referral,1
102368,2025-07-31,2025-08-13,Товары для животных,Центр,medium,FBO,north,organic,1
102369,2024-01-03,2024-02-08,Дом,Москва и МО,small,FBO,center,organic,1
102370,2026-01-12,2026-02-12,Одежда,Москва и МО,medium,FBS,north,organic,1
102371,2026-01-02,2026-01-25,Дом,Сибирь,medium,FBS,east,ads,1
102372,2024-12-22,2025-02-02,Спорт,Юг,large,FBO,west,partner,1
102373,2025-06-17,2025-07-22,Детские товары,Урал,small,FBS,north,partner,1
102374,2024-09-29,2024-11-14,Красота,Москва и МО,micro,FBO,north,ads,1
102375,2024-04-01,2024-04-22,Спорт,Москва и МО,micro,FBS,south,organic,1
102376,2024-12-29,2025-01-08,Дом,Москва и МО,micro,mixed,north,offline_event,1
102377,2025-09-19,2025-10-28,Дом,Санкт-Петербург,small,FBO,east,offline_event,1
102378,2023-12-03,2023-12-25,Детские товары,Центр,micro,FBS,east,organic,1
102379,2025-01-15,2025-02-07,Одежда,Санкт-Петербург,medium,FBS,center,organic,0
102380,2023-12-22,2024-01-03,Дом,Поволжье,micro,FBS,north,offline_event,0
102381,2026-01-18,2026-02-07,Обувь,Центр,small,mixed,center,ads,0
102382,2024-02-27,2024-03-23,Красота,Урал,small,FBS,center,organic,0
102383,2026-03-09,2026-04-12,Дом,Москва и МО,small,FBO,south,ads,0
102384,2024-01-01,2024-01-20,Одежда,Санкт-Петербург,medium,FBS,east,ads,0
102385,2023-07-12,2023-09-12,Электроника,Центр,micro,FBS,west,organic,1
102386,2025-10-28,2025-11-18,Дом,Санкт-Петербург,micro,FBO,north,partner,0
102387,2025-04-06,2025-05-19,Электроника,Центр,small,FBO,north,offline_event,0
102388,2025-11-03,2025-12-11,Дом,Дальний Восток,medium,FBO,north,organic,1
102389,2024-08-13,2024-12-18,Электроника,Юг,micro,FBS,east,organic,1
102390,2023-10-27,2023-12-01,Товары для животных,Санкт-Петербург,micro,FBO,east,organic,1
102391,2025-03-16,2025-05-20,Красота,Санкт-Петербург,small,FBO,center,organic,1
102392,2025-11-12,2025-11-29,Одежда,Центр,micro,FBO,north,ads,1
102393,2025-03-20,2025-04-01,Детские товары,Поволжье,medium,FBO,south,referral,1
102394,2025-11-03,2025-11-17,Электроника,Сибирь,large,FBO,center,organic,1
102395,2024-05-22,2024-05-29,Одежда,Москва и МО,micro,mixed,center,partner,1
102396,2024-03-11,2024-03-18,Детские товары,Поволжье,micro,mixed,south,referral,1
102397,2023-11-07,2024-01-08,Дом,Москва и МО,small,FBS,north,partner,1
102398,2025-04-14,2025-05-04,Товары для животных,Юг,micro,FBS,east,organic,1
102399,2025-06-13,2025-06-27,Обувь,Юг,micro,mixed,south,organic,1
102400,2023-10-12,2023-11-22,Красота,Москва и МО,small,FBO,north,organic,0
102401,2023-08-22,2023-10-17,Электроника,Санкт-Петербург,micro,FBS,center,organic,0
102402,2024-12-25,2025-01-09,Аксессуары,Санкт-Петербург,micro,FBO,center,organic,1
102403,2026-03-11,2026-04-04,Красота,Центр,small,mixed,west,partner,0
102404,2026-02-03,2026-02-24,Обувь,Поволжье,micro,mixed,center,organic,1
102405,2025-06-21,2025-07-03,Спорт,Центр,micro,FBS,north,organic,1
102406,2026-03-16,2026-04-03,Товары для животных,Поволжье,micro,mixed,west,ads,0
102407,2025-03-24,2025-04-07,Одежда,Дальний Восток,small,FBS,north,partner,1
102408,2025-07-08,2025-07-20,Аксессуары,Москва и МО,micro,FBO,north,referral,0
102409,2025-04-02,2025-04-26,Одежда,Москва и МО,micro,mixed,center,ads,1
102410,2025-06-21,2025-07-04,Спорт,Поволжье,medium,mixed,east,offline_event,1
102411,2023-09-18,2023-09-29,Товары для животных,Санкт-Петербург,micro,FBO,north,referral,1
102412,2025-02-12,2025-04-11,Одежда,Поволжье,micro,mixed,center,partner,0
102413,2023-12-07,2023-12-27,Дом,Москва и МО,small,FBO,center,organic,0
102414,2024-11-10,2025-01-19,Одежда,Поволжье,micro,FBS,south,organic,1
102415,2024-01-18,2024-02-10,Одежда,Поволжье,micro,mixed,center,ads,1
102416,2025-03-26,2025-04-25,Обувь,Сибирь,small,FBO,center,organic,1
102417,2025-04-25,2025-05-03,Товары для животных,Москва и МО,small,mixed,center,organic,1
102418,2023-11-21,2024-01-01,Дом,Дальний Восток,micro,mixed,south,organic,1
102419,2024-09-11,2024-10-20,Красота,Юг,large,FBO,east,organic,1
102420,2024-01-04,2024-02-24,Одежда,Урал,large,FBO,west,organic,1
102421,2025-04-23,2025-06-22,Обувь,Поволжье,small,mixed,west,ads,0
102422,2024-09-14,2024-11-18,Обувь,Центр,small,mixed,south,organic,0
102423,2024-09-04,2024-09-21,Красота,Москва и МО,large,mixed,north,partner,1
102424,2024-06-07,2024-08-01,Дом,Дальний Восток,micro,mixed,south,partner,1
102425,2024-09-10,2024-09-19,Спорт,Сибирь,micro,FBO,center,ads,1
102426,2024-04-04,2024-04-14,Одежда,Москва и МО,small,mixed,east,referral,1
102427,2024-06-05,2024-07-23,Одежда,Москва и МО,small,FBS,north,organic,1
102428,2024-03-12,2024-03-21,Одежда,Урал,medium,FBS,north,ads,1
102429,2024-08-27,2024-09-28,Обувь,Центр,micro,FBO,south,referral,1
102430,2025-12-30,2026-02-11,Красота,Центр,large,FBS,north,organic,0
102431,2023-08-22,2023-09-07,Канцелярия,Москва и МО,medium,FBS,west,offline_event,1
102432,2026-01-26,2026-03-11,Одежда,Поволжье,medium,FBS,center,organic,1
102433,2023-07-10,2023-08-14,Аксессуары,Урал,medium,mixed,south,organic,1
102434,2024-06-12,2024-08-26,Дом,Центр,micro,FBS,west,organic,1
102435,2025-09-13,2025-10-10,Красота,Юг,small,FBS,center,offline_event,1
102436,2025-06-24,2025-07-15,Товары для животных,Москва и МО,micro,FBO,south,ads,1
102437,2025-04-24,2025-05-17,Дом,Москва и МО,micro,FBS,south,organic,1
102438,2025-03-31,2025-06-12,Канцелярия,Сибирь,small,FBO,center,organic,1
102439,2024-03-07,2024-04-05,Обувь,Юг,micro,FBO,center,ads,1
102440,2025-02-22,2025-03-23,Дом,Центр,medium,FBS,east,referral,1
102441,2025-11-19,2025-12-07,Одежда,Урал,micro,FBO,center,organic,0
102442,2025-11-04,2025-11-16,Детские товары,Юг,medium,FBO,north,ads,1
102443,2025-04-20,2025-05-04,Детские товары,Центр,micro,FBO,center,organic,1
102444,2024-03-25,2024-04-08,Аксессуары,Юг,micro,FBO,center,organic,1
102445,2023-11-23,2023-12-22,Канцелярия,Центр,micro,FBO,west,referral,1
102446,2025-03-21,2025-04-03,Дом,Центр,medium,FBS,east,partner,1
102447,2025-09-27,2025-10-03,Обувь,Юг,small,FBS,south,offline_event,1
102448,2024-04-06,2024-05-18,Обувь,Москва и МО,small,FBS,east,ads,1
102449,2024-05-16,2024-07-01,Красота,Поволжье,micro,FBO,center,offline_event,0
102450,2025-07-17,2025-08-06,Одежда,Дальний Восток,medium,FBS,south,partner,1
102451,2023-12-13,2024-01-07,Обувь,Юг,small,FBS,north,organic,1
102452,2025-07-15,2025-07-29,Дом,Центр,micro,mixed,east,ads,1
102453,2024-11-02,2024-12-18,Одежда,Москва и МО,small,FBO,center,organic,1
102454,2025-06-28,2025-07-19,Товары для животных,Центр,micro,FBO,north,partner,1
102455,2025-02-18,2025-03-26,Канцелярия,Сибирь,medium,FBS,west,organic,0
102456,2024-02-12,2024-02-16,Спорт,Москва и МО,micro,mixed,east,organic,0
102457,2024-10-06,2024-11-03,Дом,Москва и МО,micro,FBO,center,organic,1
102458,2024-04-28,2024-05-21,Детские товары,Сибирь,micro,FBO,center,partner,0
102459,2024-10-15,2024-10-27,Одежда,Юг,small,FBS,south,organic,0
102460,2024-08-10,2024-08-29,Дом,Юг,micro,FBO,center,organic,1
102461,2025-07-02,2025-08-09,Обувь,Центр,small,FBS,center,ads,1
102462,2024-08-21,2024-11-22,Одежда,Урал,micro,FBO,north,organic,0
102463,2025-02-12,2025-02-27,Товары для животных,Сибирь,small,FBS,north,partner,1
102464,2024-11-29,2024-12-21,Электроника,Санкт-Петербург,medium,FBS,west,ads,0
102465,2025-10-31,2025-12-03,Одежда,Сибирь,micro,FBS,center,ads,1
102466,2026-03-09,2026-03-23,Детские товары,Урал,micro,FBO,center,partner,1
102467,2024-08-17,2024-09-13,Канцелярия,Урал,micro,FBS,east,referral,1
102468,2025-07-20,2025-09-07,Аксессуары,Центр,micro,FBS,center,organic,0
102469,2023-08-16,2023-09-06,Товары для животных,Центр,medium,FBO,north,ads,0
102470,2026-02-06,,Дом,Сибирь,micro,mixed,south,ads,1
102471,2026-02-23,2026-03-12,Канцелярия,Дальний Восток,micro,FBO,center,organic,1
102472,2024-11-03,2024-11-16,Аксессуары,Урал,medium,mixed,north,offline_event,0
102473,2024-11-11,2025-01-27,Электроника,Поволжье,micro,FBS,east,organic,0
102474,2025-11-17,2025-12-12,Канцелярия,Сибирь,micro,FBS,north,partner,0
102475,2023-08-12,2023-08-26,Дом,Сибирь,micro,FBS,south,offline_event,1
102476,2023-09-05,2023-10-04,Обувь,Урал,small,FBO,center,organic,1
102477,2023-09-17,2023-09-23,Одежда,Поволжье,micro,FBO,north,offline_event,1
102478,2024-04-25,2024-06-01,Товары для животных,Сибирь,micro,FBS,center,organic,1
102479,2025-12-13,2026-01-21,Электроника,Центр,medium,FBO,north,organic,1
102480,2025-09-21,2025-09-29,Дом,Москва и МО,medium,mixed,south,referral,0
102481,2024-06-01,2024-07-13,Одежда,Санкт-Петербург,micro,FBS,east,offline_event,0
102482,2024-10-06,2024-10-26,Обувь,Поволжье,micro,FBS,center,organic,1
102483,2024-05-06,2024-05-16,Товары для животных,Поволжье,medium,FBO,west,organic,1
102484,2025-05-23,2025-06-08,Канцелярия,Москва и МО,micro,FBS,north,organic,1
102485,2023-12-26,2024-01-02,Спорт,Центр,small,FBS,center,partner,0
102486,2024-03-22,2024-05-16,Одежда,Москва и МО,small,FBS,center,organic,1
102487,2025-01-30,2025-03-15,Аксессуары,Центр,micro,FBO,west,organic,1
102488,2026-02-08,2026-03-05,Дом,Москва и МО,micro,FBS,west,offline_event,1
102489,2026-03-02,2026-04-07,Товары для животных,Урал,medium,mixed,north,referral,1
102490,2024-05-31,2024-07-13,Одежда,Москва и МО,micro,FBO,south,organic,1
102491,2023-07-19,2023-08-17,Спорт,Поволжье,micro,FBO,east,organic,1
102492,2023-11-01,2023-11-05,Аксессуары,Сибирь,small,FBO,west,organic,0
102493,2025-07-08,2025-08-19,Товары для животных,Урал,medium,FBS,north,partner,0
102494,2023-10-03,2023-11-18,Красота,Москва и МО,medium,FBO,east,referral,1
102495,2025-03-10,2025-04-27,Красота,Москва и МО,medium,FBS,east,organic,1
102496,2024-11-12,2025-01-01,Дом,Центр,micro,FBO,east,organic,0
102497,2025-03-17,2025-05-21,Детские товары,Москва и МО,micro,mixed,west,referral,1
102498,2025-12-26,2026-01-09,Одежда,Центр,micro,FBS,east,partner,1
102499,2024-06-28,2024-07-27,Электроника,Поволжье,micro,FBO,east,ads,1
102500,2025-08-23,2025-09-09,Электроника,Москва и МО,micro,FBO,south,organic,1
102501,2026-02-20,2026-03-27,Дом,Дальний Восток,small,FBS,south,referral,1
102502,2023-09-07,2023-09-28,Красота,Центр,small,mixed,south,ads,0
102503,2025-09-11,2025-10-08,Аксессуары,Санкт-Петербург,micro,FBO,south,referral,1
102504,2024-09-15,2024-10-07,Товары для животных,Поволжье,micro,FBS,center,organic,1
102505,2025-02-24,2025-03-03,Товары для животных,Поволжье,micro,FBS,south,ads,1
102506,2023-11-05,2023-12-18,Спорт,Юг,micro,FBS,north,ads,1
102507,2024-12-07,2024-12-27,Спорт,Центр,small,FBS,south,partner,1
102508,2025-10-05,2025-11-20,Красота,Москва и МО,micro,FBS,west,organic,1
102509,2025-03-01,2025-03-16,Красота,Поволжье,small,FBO,south,referral,0
102510,2024-04-06,2024-05-03,Обувь,Сибирь,small,mixed,south,offline_event,1
102511,2025-10-07,2025-11-01,Красота,Москва и МО,small,mixed,south,offline_event,1
102512,2025-02-26,2025-03-18,Красота,Сибирь,micro,FBS,west,organic,1
102513,2023-09-19,2023-10-07,Детские товары,Москва и МО,micro,FBO,center,organic,1
102514,2024-02-04,2024-02-23,Дом,Центр,small,FBS,north,partner,1
102515,2025-06-02,2025-06-13,Одежда,Москва и МО,micro,FBS,center,partner,1
102516,2025-09-22,2025-10-17,Обувь,Поволжье,micro,FBS,south,offline_event,1
102517,2024-09-10,2024-10-24,Товары для животных,Урал,medium,FBS,center,organic,0
102518,2024-02-02,2024-02-28,Красота,Урал,small,FBO,center,organic,1
102519,2024-02-10,2024-03-08,Детские товары,Санкт-Петербург,micro,FBS,center,organic,0
102520,2024-03-13,2024-04-08,Детские товары,Центр,micro,FBS,center,ads,1
102521,2023-11-19,2023-12-06,Дом,Юг,small,FBS,center,ads,1
102522,2023-12-03,2024-01-04,Спорт,Москва и МО,large,FBS,east,ads,1
102523,2024-09-23,2024-11-03,Детские товары,Москва и МО,micro,FBS,south,organic,1
102524,2024-01-08,2024-01-30,Красота,Москва и МО,small,FBS,south,partner,1
102525,2023-11-27,2023-12-25,Спорт,Центр,large,mixed,north,ads,1
102526,2023-07-11,2023-09-09,Товары для животных,Центр,micro,FBO,center,offline_event,1
102527,2025-12-19,2026-02-25,Детские товары,Москва и МО,micro,FBS,south,partner,1
102528,2025-09-17,2025-11-07,Детские товары,Юг,micro,FBO,south,ads,1
102529,2025-04-13,2025-05-01,Электроника,Урал,small,FBS,east,ads,1
102530,2023-09-11,2023-10-02,Электроника,Сибирь,micro,FBS,east,referral,0
102531,2023-07-24,2023-08-29,Обувь,Сибирь,medium,FBS,center,organic,1
102532,2023-12-29,2024-01-20,Дом,Москва и МО,small,FBS,north,ads,0
102533,2024-09-09,2024-11-04,Одежда,Москва и МО,small,FBS,south,offline_event,1
102534,2023-09-04,2023-09-24,Дом,Центр,small,mixed,north,organic,1
102535,2024-10-21,2024-11-13,Одежда,Поволжье,micro,mixed,center,ads,1
102536,2025-09-21,2025-10-24,Обувь,Санкт-Петербург,micro,FBO,south,organic,1
102537,2024-04-26,2024-05-07,Дом,Центр,medium,FBO,center,offline_event,1
102538,2023-10-08,2023-11-08,Спорт,Юг,micro,FBO,south,referral,1
102539,2025-01-12,2025-01-26,Дом,Поволжье,medium,FBS,east,referral,1
102540,2025-12-10,2026-01-31,Дом,Центр,large,FBS,east,organic,0
102541,2025-01-15,2025-01-26,Канцелярия,Юг,micro,FBO,west,partner,0
102542,2024-04-04,2024-05-15,Электроника,Москва и МО,micro,FBO,west,referral,1
102543,2023-08-24,2023-10-11,Электроника,Юг,small,FBO,center,ads,1
102544,2023-12-23,2024-01-25,Электроника,Центр,micro,mixed,north,organic,1
102545,2025-11-01,2026-01-04,Одежда,Сибирь,large,mixed,north,organic,1
102546,2024-02-15,2024-03-05,Товары для животных,Центр,micro,FBO,north,organic,0
102547,2025-09-26,2025-10-08,Электроника,Центр,small,FBS,center,referral,1
102548,2025-02-17,2025-03-23,Красота,Центр,medium,FBO,center,partner,1
102549,2024-04-07,2024-04-09,Обувь,Санкт-Петербург,small,FBS,center,organic,1
102550,2025-05-29,2025-06-17,Дом,Сибирь,micro,mixed,center,organic,1
102551,2024-08-10,2024-09-28,Одежда,Дальний Восток,small,FBS,north,organic,1
102552,2025-11-07,2026-01-10,Одежда,Урал,micro,FBO,center,organic,1
102553,2024-04-17,2024-05-25,Канцелярия,Санкт-Петербург,small,FBS,east,offline_event,1
102554,2024-10-08,2024-10-21,Обувь,Центр,small,FBS,south,organic,1
102555,2024-11-22,2025-01-02,Товары для животных,Москва и МО,small,FBO,east,offline_event,1
102556,2023-07-20,2023-08-17,Красота,Урал,micro,FBO,west,organic,0
102557,2025-06-25,2025-07-12,Дом,Москва и МО,micro,FBS,east,ads,1
102558,2024-11-07,2024-11-10,Красота,Дальний Восток,micro,FBO,center,partner,1
102559,2025-11-30,2026-01-01,Дом,Поволжье,micro,FBS,east,ads,1
102560,2025-03-30,2025-05-06,Спорт,Сибирь,small,FBO,south,referral,1
102561,2025-06-18,2025-08-14,Электроника,Центр,small,FBS,east,partner,1
102562,2025-10-23,2025-12-21,Детские товары,Санкт-Петербург,small,FBO,north,organic,0
102563,2023-12-11,2024-02-08,Дом,Урал,micro,FBS,south,organic,1
102564,2024-09-26,2024-10-13,Красота,Сибирь,micro,FBS,north,ads,1
102565,2025-10-02,2025-11-18,Спорт,Москва и МО,micro,FBO,east,organic,1
102566,2024-02-21,2024-03-12,Красота,Москва и МО,medium,FBS,center,organic,0
102567,2023-07-19,2023-08-16,Дом,Юг,small,FBS,east,partner,0
102568,2026-03-04,2026-03-21,Обувь,Поволжье,micro,mixed,north,organic,1
102569,2024-01-02,2024-03-20,Обувь,Юг,micro,FBS,east,referral,1
102570,2023-12-11,2024-01-13,Красота,Юг,micro,FBS,center,organic,1
102571,2023-10-06,2023-11-20,Красота,Поволжье,micro,FBO,north,organic,0
102572,2024-01-14,2024-02-28,Электроника,Москва и МО,micro,FBO,center,organic,1
102573,2023-10-22,2023-10-29,Электроника,Поволжье,small,mixed,north,offline_event,1
102574,2026-02-24,2026-04-07,Дом,Поволжье,small,FBO,south,partner,0
102575,2024-06-02,2024-07-20,Спорт,Поволжье,small,FBO,south,ads,1
102576,2023-10-11,2023-10-28,Детские товары,Поволжье,small,FBO,center,ads,1
102577,2025-01-04,2025-02-01,Одежда,Юг,micro,FBS,south,referral,0
102578,2026-02-03,2026-03-01,Одежда,Центр,medium,FBO,south,referral,1
102579,2024-10-03,2024-10-24,Детские товары,Урал,small,FBO,east,partner,1
102580,2025-09-29,2025-10-24,Одежда,Урал,micro,FBS,north,organic,1
102581,2026-01-13,2026-02-02,Детские товары,Урал,micro,mixed,east,ads,1
102582,2023-10-30,2023-11-27,Красота,Центр,small,FBS,west,organic,1
102583,2024-03-14,2024-04-05,Красота,Центр,medium,FBS,east,organic,1
102584,2025-10-11,2025-11-22,Одежда,Сибирь,small,FBO,north,partner,0
102585,2025-02-22,2025-03-17,Одежда,Поволжье,micro,FBS,south,ads,0
102586,2024-07-05,2024-07-24,Аксессуары,Санкт-Петербург,micro,FBO,north,organic,0
102587,2023-12-14,2024-01-07,Красота,Сибирь,micro,FBS,center,partner,1
102588,2025-05-16,2025-06-03,Красота,Поволжье,small,FBO,center,organic,0
102589,2024-02-12,2024-02-16,Детские товары,Москва и МО,micro,FBS,east,organic,1
102590,2023-12-16,2024-02-07,Одежда,Сибирь,micro,FBO,center,partner,1
102591,2025-09-15,2025-12-07,Дом,Поволжье,micro,FBS,west,organic,1
102592,2025-07-21,2025-08-08,Красота,Москва и МО,medium,FBO,south,referral,1
102593,2026-01-30,2026-03-07,Канцелярия,Москва и МО,small,FBO,east,partner,1
102594,2024-04-16,2024-05-31,Дом,Центр,small,FBS,east,ads,1
102595,2024-02-23,2024-03-02,Дом,Центр,micro,FBO,south,offline_event,1
102596,2024-09-01,2024-09-10,Красота,Москва и МО,micro,mixed,center,organic,1
102597,2026-03-08,2026-03-27,Дом,Юг,micro,FBS,north,partner,1
102598,2025-03-25,2025-06-03,Спорт,Урал,small,FBO,east,organic,0
102599,2025-07-15,2025-07-24,Одежда,Санкт-Петербург,small,mixed,west,organic,0
102600,2025-08-25,2025-09-25,Дом,Санкт-Петербург,medium,FBO,center,organic,1
102601,2025-05-01,2025-06-07,Обувь,Дальний Восток,micro,FBO,center,partner,1
102602,2026-01-04,2026-01-29,Спорт,Поволжье,small,mixed,west,offline_event,1
102603,2023-10-23,2023-12-13,Красота,Санкт-Петербург,small,mixed,center,organic,1
102604,2025-12-31,2026-03-07,Обувь,Урал,micro,FBS,center,organic,0
102605,2023-09-30,2023-10-13,Красота,Москва и МО,micro,FBS,north,ads,1
102606,2023-12-20,2024-01-26,Дом,Юг,micro,FBO,west,ads,1
102607,2023-12-29,2024-02-12,Обувь,Москва и МО,small,FBS,east,referral,1
102608,2025-01-28,2025-03-20,Одежда,Москва и МО,micro,FBS,south,partner,1
102609,2023-11-27,2023-12-29,Красота,Москва и МО,micro,FBO,south,partner,1
102610,2024-09-15,2024-10-05,Электроника,Москва и МО,micro,FBS,south,offline_event,1
102611,2025-06-18,2025-07-03,Дом,Сибирь,large,FBO,east,referral,1
102612,2025-12-18,2026-01-27,Красота,Центр,medium,FBO,center,partner,1
102613,2026-02-08,2026-02-15,Товары для животных,Юг,micro,mixed,south,ads,1
102614,2023-12-22,2024-02-03,Обувь,Поволжье,medium,mixed,center,organic,1
102615,2023-09-09,2023-09-28,Красота,Поволжье,micro,FBS,north,referral,1
102616,2025-03-30,2025-05-16,Детские товары,Урал,micro,FBS,west,organic,0
102617,2025-08-02,2025-09-29,Канцелярия,Центр,small,FBO,center,organic,1
102618,2024-02-22,2024-03-29,Красота,Поволжье,small,mixed,center,organic,1
102619,2024-08-27,2024-09-05,Спорт,Сибирь,large,FBS,west,organic,1
102620,2025-06-21,2025-07-10,Дом,Юг,micro,FBS,north,partner,1
102621,2024-08-18,2024-08-30,Детские товары,Поволжье,small,FBO,east,organic,1
102622,2024-02-02,2024-02-13,Канцелярия,Центр,micro,FBS,center,organic,0
102623,2025-06-30,2025-07-11,Одежда,Центр,large,mixed,east,organic,0
102624,2024-10-13,2024-11-14,Электроника,Урал,micro,mixed,south,organic,1
102625,2023-12-31,2024-01-13,Аксессуары,Санкт-Петербург,micro,FBS,south,referral,1
102626,2024-05-14,2024-07-16,Товары для животных,Москва и МО,micro,FBS,south,partner,1
102627,2024-03-07,2024-03-13,Дом,Урал,small,FBS,center,organic,1
102628,2024-01-18,2024-02-10,Спорт,Москва и МО,small,FBO,east,ads,1
102629,2025-05-09,2025-05-27,Одежда,Урал,small,FBO,center,offline_event,1
102630,2024-08-06,2024-09-02,Одежда,Санкт-Петербург,small,mixed,north,offline_event,1
102631,2025-04-10,2025-04-24,Одежда,Москва и МО,micro,FBS,center,organic,0
102632,2024-10-07,2024-10-12,Детские товары,Сибирь,medium,FBO,center,organic,1
102633,2024-11-01,2024-12-03,Обувь,Санкт-Петербург,micro,FBS,north,organic,1
102634,2025-07-24,2025-09-01,Дом,Урал,small,FBO,center,offline_event,0
102635,2023-12-23,2024-02-17,Обувь,Санкт-Петербург,large,FBO,south,organic,0
102636,2024-07-09,2024-07-14,Аксессуары,Поволжье,micro,FBS,west,organic,1
102637,2023-08-22,2023-09-18,Дом,Центр,micro,mixed,north,referral,1
102638,2024-07-11,2024-08-17,Аксессуары,Центр,micro,FBS,south,offline_event,1
102639,2026-01-08,2026-01-12,Дом,Москва и МО,micro,FBS,west,offline_event,0
102640,2023-08-12,2023-08-26,Аксессуары,Центр,small,FBO,east,ads,1
102641,2025-09-07,2025-09-25,Электроника,Центр,large,FBO,east,referral,0
102642,2025-12-03,2026-02-04,Спорт,Поволжье,medium,FBS,west,referral,0
102643,2024-03-05,2024-03-15,Одежда,Поволжье,small,FBS,south,referral,1
102644,2025-08-26,2025-09-04,Аксессуары,Урал,micro,FBS,east,ads,0
102645,2024-11-24,2025-01-14,Канцелярия,Сибирь,small,FBS,east,ads,0
102646,2025-11-02,2025-11-12,Одежда,Москва и МО,small,mixed,north,partner,1
102647,2025-07-31,2025-09-15,Одежда,Москва и МО,medium,FBS,east,partner,1
102648,2025-09-21,2025-10-13,Спорт,Урал,micro,FBO,east,partner,0
102649,2023-10-20,2024-01-12,Дом,Юг,small,FBS,north,offline_event,0
102650,2023-09-22,2023-10-11,Одежда,Центр,micro,FBS,east,ads,0
102651,2023-10-11,2023-11-27,Одежда,Урал,small,FBS,center,organic,0
102652,2023-07-18,2023-08-03,Аксессуары,Урал,small,FBO,center,organic,1
102653,2025-12-23,2026-01-30,Одежда,Санкт-Петербург,medium,FBO,center,partner,1
102654,2025-11-29,2025-12-17,Одежда,Москва и МО,micro,FBO,north,organic,1
102655,2024-05-23,2024-06-07,Канцелярия,Урал,micro,FBO,east,ads,0
102656,2023-08-15,2023-09-20,Обувь,Поволжье,small,FBS,south,offline_event,0
102657,2024-09-10,2024-09-16,Красота,Санкт-Петербург,large,mixed,north,organic,1
102658,2024-06-07,2024-06-16,Обувь,Сибирь,large,mixed,south,partner,1
102659,2023-07-15,2023-08-05,Аксессуары,Сибирь,medium,FBS,south,referral,1
102660,2023-10-11,2023-10-28,Электроника,Сибирь,medium,FBO,west,organic,1
102661,2024-07-30,2024-09-29,Одежда,Санкт-Петербург,micro,mixed,east,partner,0
102662,2025-01-08,2025-02-09,Обувь,Поволжье,small,FBO,center,organic,1
102663,2024-09-30,2024-11-26,Красота,Юг,large,FBS,south,organic,1
102664,2025-02-17,2025-03-13,Дом,Юг,micro,FBS,west,partner,0
102665,2024-06-20,2024-07-03,Аксессуары,Сибирь,micro,FBO,center,partner,0
102666,2025-03-16,2025-03-29,Дом,Урал,micro,FBS,west,organic,1
102667,2024-07-21,2024-08-22,Спорт,Центр,small,FBO,south,referral,0
102668,2026-01-19,2026-03-01,Спорт,Центр,micro,FBS,south,organic,1
102669,2025-04-22,2025-05-06,Одежда,Поволжье,micro,mixed,center,partner,1
102670,2024-12-18,2025-01-07,Обувь,Сибирь,small,FBO,east,partner,0
102671,2023-12-29,2024-01-02,Электроника,Санкт-Петербург,small,FBO,south,partner,1
102672,2026-01-29,2026-02-25,Одежда,Центр,micro,FBO,south,partner,1
102673,2025-06-29,2025-08-02,Электроника,Сибирь,micro,FBO,east,organic,1
102674,2025-10-01,2025-10-31,Одежда,Центр,micro,mixed,center,partner,1
102675,2024-05-01,2024-05-27,Одежда,Центр,small,mixed,north,organic,0
102676,2024-01-14,2024-01-24,Дом,Москва и МО,micro,FBS,center,organic,1
102677,2025-03-12,2025-05-02,Электроника,Москва и МО,small,FBO,south,organic,1
102678,2023-07-27,2023-08-18,Одежда,Санкт-Петербург,medium,FBS,north,partner,1
102679,2023-10-05,2023-11-18,Дом,Юг,micro,FBO,west,organic,0
102680,2024-12-05,2025-02-28,Детские товары,Урал,micro,FBO,center,partner,0
102681,2025-07-05,2025-08-10,Одежда,Москва и МО,medium,FBO,south,ads,1
102682,2023-11-14,2023-11-29,Канцелярия,Санкт-Петербург,small,FBO,north,partner,1
102683,2025-09-10,2025-09-24,Электроника,Дальний Восток,micro,FBS,center,organic,0
102684,2025-05-24,2025-07-04,Одежда,Центр,medium,FBS,south,organic,1
102685,2026-02-23,2026-03-14,Детские товары,Москва и МО,medium,FBO,east,organic,1
102686,2023-11-21,2023-12-09,Детские товары,Москва и МО,medium,FBO,center,organic,0
102687,2025-06-28,2025-07-19,Одежда,Поволжье,small,FBO,south,organic,0
102688,2025-06-23,2025-07-09,Детские товары,Санкт-Петербург,small,FBS,center,ads,1
102689,2025-10-21,2025-10-27,Спорт,Санкт-Петербург,small,FBO,north,offline_event,1
102690,2023-12-04,2023-12-11,Спорт,Урал,micro,mixed,west,organic,1
102691,2023-08-22,2023-08-25,Аксессуары,Юг,small,FBO,south,ads,1
102692,2025-11-05,2025-11-25,Дом,Юг,small,FBO,center,organic,0
102693,2024-03-05,2024-03-23,Красота,Москва и МО,micro,FBO,east,partner,1
102694,2024-08-20,2024-09-27,Одежда,Москва и МО,micro,FBS,north,ads,1
102695,2024-12-27,2025-01-26,Одежда,Дальний Восток,medium,FBO,north,organic,1
102696,2024-02-13,2024-03-05,Обувь,Юг,medium,FBO,east,organic,1
102697,2025-02-10,2025-02-27,Аксессуары,Санкт-Петербург,small,mixed,center,organic,0
102698,2024-07-27,2024-08-16,Одежда,Дальний Восток,small,FBO,center,organic,1
102699,2025-12-31,2026-01-26,Дом,Поволжье,small,FBO,center,organic,1
102700,2025-04-05,2025-04-12,Электроника,Поволжье,micro,FBO,east,partner,1
102701,2024-07-26,2024-08-09,Товары для животных,Поволжье,micro,FBS,center,organic,0
102702,2025-01-04,2025-02-10,Красота,Центр,micro,FBO,north,organic,1
102703,2024-06-27,2024-07-12,Электроника,Юг,small,FBS,center,organic,0
102704,2024-05-13,2024-05-30,Красота,Дальний Восток,micro,FBS,west,organic,0
102705,2025-03-12,2025-04-01,Обувь,Поволжье,large,FBO,east,organic,0
102706,2025-05-03,2025-05-12,Детские товары,Юг,micro,FBO,center,ads,1
102707,2023-12-02,2023-12-25,Обувь,Москва и МО,medium,FBS,north,referral,1
102708,2024-01-02,2024-01-13,Электроника,Юг,small,mixed,south,offline_event,1
102709,2025-11-02,2025-12-24,Детские товары,Центр,small,FBS,center,organic,0
102710,2024-01-18,2024-02-27,Красота,Москва и МО,medium,FBS,north,partner,1
102711,2024-12-19,2025-02-07,Красота,Юг,micro,mixed,east,organic,0
102712,2023-10-22,2023-11-01,Одежда,Дальний Восток,small,FBO,south,partner,1
102713,2025-03-30,2025-04-22,Обувь,Центр,small,FBO,center,referral,0
102714,2024-09-01,2024-09-26,Дом,Сибирь,large,FBS,east,ads,1
102715,2025-07-10,2025-09-08,Одежда,Москва и МО,micro,FBS,west,ads,1
102716,2026-02-09,2026-04-03,Одежда,Центр,micro,FBO,north,organic,1
102717,2025-10-08,2025-12-15,Красота,Сибирь,large,mixed,north,referral,1
102718,2024-08-10,2024-09-14,Одежда,Поволжье,medium,FBS,north,ads,1
102719,2024-08-11,2024-08-18,Товары для животных,Москва и МО,small,FBO,south,offline_event,0
102720,2024-03-19,2024-04-02,Аксессуары,Поволжье,micro,FBO,east,organic,1
102721,2026-01-15,2026-02-19,Товары для животных,Центр,micro,FBS,north,organic,1
102722,2023-12-07,2024-01-16,Аксессуары,Москва и МО,small,FBO,south,ads,0
102723,2023-11-18,2023-12-06,Дом,Поволжье,medium,FBO,east,organic,0
102724,2023-10-12,2023-11-27,Одежда,Москва и МО,medium,FBO,south,organic,1
102725,2026-02-17,2026-03-01,Дом,Москва и МО,micro,FBS,east,organic,1
102726,2023-09-02,2023-10-04,Товары для животных,Санкт-Петербург,small,mixed,south,organic,1
102727,2024-08-15,2024-09-25,Одежда,Москва и МО,medium,mixed,center,organic,1
102728,2024-01-26,2024-02-11,Электроника,Юг,small,FBS,south,ads,1
102729,2023-10-28,2023-11-19,Аксессуары,Юг,micro,FBS,center,organic,1
102730,2023-12-08,2024-01-21,Электроника,Дальний Восток,small,FBO,south,partner,1
102731,2026-01-12,2026-01-27,Товары для животных,Урал,small,mixed,south,organic,0
102732,2025-10-08,2025-10-18,Детские товары,Юг,small,FBO,center,organic,1
102733,2025-01-18,2025-01-28,Электроника,Сибирь,medium,FBS,north,organic,0
102734,2025-07-19,2025-09-15,Одежда,Москва и МО,medium,FBO,north,ads,1
102735,2025-11-11,2025-11-27,Красота,Москва и МО,medium,FBS,west,organic,0
102736,2024-08-22,2024-09-29,Одежда,Центр,micro,FBO,center,organic,1
102737,2023-12-08,2023-12-14,Одежда,Поволжье,medium,FBS,center,organic,1
102738,2024-01-03,2024-01-15,Одежда,Поволжье,medium,FBO,west,ads,1
102739,2025-10-27,2025-11-14,Красота,Центр,micro,FBO,north,organic,1
102740,2025-07-01,2025-08-04,Электроника,Юг,micro,FBO,north,organic,0
102741,2026-02-25,2026-03-24,Красота,Центр,small,FBS,center,organic,1
102742,2024-05-01,2024-06-15,Спорт,Москва и МО,large,FBO,center,organic,1
102743,2024-03-05,2024-05-31,Канцелярия,Москва и МО,medium,FBS,south,ads,1
102744,2025-01-22,2025-01-28,Электроника,Москва и МО,micro,mixed,south,ads,1
102745,2026-02-11,2026-03-04,Дом,Москва и МО,small,FBO,center,organic,1
102746,2023-09-10,2023-09-22,Товары для животных,Урал,micro,FBS,east,ads,1
102747,2025-02-10,2025-03-13,Детские товары,Юг,micro,FBO,center,organic,1
102748,2025-04-27,2025-06-04,Дом,Москва и МО,micro,FBO,south,organic,0
102749,2023-10-23,2023-12-23,Дом,Санкт-Петербург,micro,FBS,south,organic,1
102750,2025-09-14,2025-10-31,Одежда,Поволжье,medium,FBS,east,organic,0
102751,2023-12-04,2024-02-09,Красота,Москва и МО,micro,FBS,west,partner,1
102752,2024-08-07,2024-11-04,Одежда,Сибирь,small,FBO,north,organic,1
102753,2025-03-27,2025-05-11,Детские товары,Поволжье,medium,FBS,south,partner,1
102754,2024-06-05,2024-06-12,Красота,Санкт-Петербург,micro,FBO,center,referral,1
102755,2025-11-14,2025-11-22,Одежда,Урал,small,FBS,center,referral,1
102756,2023-07-02,2023-07-15,Одежда,Сибирь,micro,mixed,center,ads,1
102757,2024-11-28,2025-01-20,Детские товары,Дальний Восток,micro,FBS,south,organic,1
102758,2026-01-27,2026-02-05,Спорт,Поволжье,large,FBO,center,organic,1
102759,2023-09-06,2023-09-13,Спорт,Урал,medium,FBS,south,partner,1
102760,2025-11-07,2025-12-05,Обувь,Юг,micro,FBO,east,offline_event,1
102761,2025-12-18,2026-01-04,Электроника,Поволжье,medium,FBS,north,organic,0
102762,2023-10-15,2023-10-26,Дом,Поволжье,small,FBS,north,partner,1
102763,2023-12-29,2024-01-13,Красота,Урал,small,FBO,north,organic,0
102764,2025-07-14,2025-08-06,Дом,Юг,small,FBS,center,referral,1
102765,2024-04-05,2024-05-27,Обувь,Центр,micro,FBO,east,offline_event,1
102766,2023-10-20,2023-11-20,Детские товары,Юг,micro,mixed,east,organic,1
102767,2024-03-31,2024-04-23,Обувь,Юг,micro,mixed,west,referral,1
102768,2024-05-19,2024-06-08,Одежда,Санкт-Петербург,small,mixed,south,ads,0
102769,2025-06-26,2025-07-04,Детские товары,Москва и МО,micro,FBO,east,referral,1
102770,2024-11-13,2024-11-29,Обувь,Дальний Восток,small,FBS,west,organic,0
102771,2025-11-06,2025-11-19,Детские товары,Юг,small,FBS,south,organic,1
102772,2025-01-15,2025-02-12,Дом,Юг,large,mixed,south,partner,0
102773,2024-09-29,2024-10-23,Красота,Москва и МО,small,FBO,west,organic,0
102774,2024-03-26,2024-04-01,Одежда,Москва и МО,micro,FBO,north,partner,1
102775,2023-12-15,2023-12-23,Обувь,Центр,micro,mixed,center,ads,1
102776,2026-01-01,2026-02-07,Электроника,Центр,small,FBS,east,organic,0
102777,2023-08-02,2023-08-19,Дом,Юг,small,FBO,west,organic,1
102778,2023-09-29,2023-10-08,Дом,Урал,large,mixed,west,partner,1
102779,2023-09-16,2023-10-23,Одежда,Юг,medium,FBO,center,offline_event,1
102780,2025-01-17,2025-01-23,Одежда,Юг,medium,FBS,east,organic,0
102781,2025-01-20,2025-02-05,Красота,Центр,micro,mixed,west,partner,0
102782,2024-02-17,2024-03-12,Красота,Москва и МО,micro,FBS,east,partner,0
102783,2024-01-16,2024-02-13,Одежда,Урал,small,FBS,south,ads,1
102784,2025-08-15,2025-09-09,Детские товары,Урал,medium,mixed,south,ads,1
102785,2024-08-10,2024-08-16,Спорт,Юг,micro,FBS,north,ads,1
102786,2025-01-13,2025-01-27,Одежда,Поволжье,medium,FBO,center,ads,0
102787,2025-05-26,2025-06-20,Электроника,Центр,micro,mixed,north,organic,0
102788,2023-10-24,2023-12-05,Одежда,Москва и МО,micro,FBO,west,ads,1
102789,2025-05-02,2025-05-17,Обувь,Москва и МО,medium,FBO,east,organic,1
102790,2025-01-05,2025-01-19,Красота,Центр,small,FBS,west,organic,0
102791,2025-10-27,2025-11-26,Одежда,Юг,micro,FBO,north,organic,1
102792,2025-08-24,2025-09-19,Одежда,Москва и МО,small,mixed,south,organic,1
102793,2025-02-20,2025-03-08,Дом,Сибирь,small,mixed,south,organic,1
102794,2023-10-21,2023-11-08,Дом,Поволжье,small,FBS,west,referral,1
102795,2024-12-17,2025-02-02,Красота,Центр,small,mixed,east,ads,1
102796,2024-12-10,2024-12-28,Детские товары,Поволжье,micro,FBO,east,organic,1
102797,2023-10-04,2023-10-14,Дом,Москва и МО,micro,FBS,north,offline_event,0
102798,2023-08-15,2023-10-25,Канцелярия,Санкт-Петербург,small,FBS,center,offline_event,1
102799,2023-12-24,2024-01-16,Детские товары,Санкт-Петербург,micro,FBO,west,organic,1
102800,2025-08-22,2025-09-01,Канцелярия,Сибирь,micro,FBS,west,ads,1
102801,2024-01-07,2024-01-22,Одежда,Сибирь,small,FBO,north,partner,1
102802,2024-08-25,2024-09-14,Одежда,Юг,small,FBO,center,organic,1
102803,2026-02-19,2026-02-26,Одежда,Центр,medium,FBS,center,ads,1
102804,2025-10-17,2025-12-20,Одежда,Сибирь,medium,FBS,south,organic,0
102805,2025-04-16,2025-05-10,Электроника,Сибирь,small,FBO,north,referral,1
102806,2024-05-13,2024-06-23,Спорт,Центр,micro,FBO,center,organic,1
102807,2025-01-02,2025-01-17,Дом,Центр,small,mixed,south,referral,0
102808,2024-04-01,2024-05-15,Дом,Москва и МО,medium,FBS,north,organic,0
102809,2023-09-23,2023-10-31,Красота,Санкт-Петербург,small,FBS,north,ads,1
102810,2024-07-27,2024-09-04,Детские товары,Поволжье,small,FBS,north,organic,1
102811,2025-04-21,2025-05-05,Спорт,Центр,micro,FBS,west,referral,0
102812,2024-02-03,2024-03-09,Одежда,Юг,small,FBO,east,organic,0
102813,2024-03-03,2024-03-18,Электроника,Поволжье,small,FBO,west,organic,1
102814,2023-12-23,2024-02-05,Дом,Сибирь,small,FBO,center,partner,1
102815,2025-04-17,2025-05-16,Электроника,Сибирь,micro,FBS,center,organic,1
102816,2025-10-31,2025-11-24,Дом,Санкт-Петербург,small,FBO,west,referral,1
102817,2023-12-01,2023-12-24,Дом,Урал,medium,FBO,south,partner,0
102818,2025-09-22,2025-11-07,Дом,Поволжье,small,mixed,east,ads,1
102819,2025-03-20,2025-04-04,Обувь,Москва и МО,micro,FBS,south,ads,1
102820,2025-03-10,2025-03-28,Аксессуары,Центр,small,FBO,center,ads,1
102821,2023-10-25,2023-11-13,Электроника,Поволжье,micro,FBO,center,organic,1
102822,2025-04-30,2025-06-11,Детские товары,Центр,micro,mixed,east,referral,1
102823,2024-10-25,2024-12-20,Одежда,Урал,micro,FBO,west,offline_event,1
102824,2025-11-13,2025-11-22,Электроника,Юг,micro,FBS,south,ads,1
102825,2023-12-11,2023-12-30,Детские товары,Урал,small,mixed,west,referral,0
102826,2024-09-21,2024-11-07,Одежда,Юг,micro,FBS,west,organic,1
102827,2025-09-15,2025-10-05,Одежда,Сибирь,medium,FBS,center,organic,1
102828,2025-04-02,2025-04-10,Детские товары,Москва и МО,medium,FBS,west,organic,1
102829,2024-09-10,2024-09-19,Электроника,Центр,micro,mixed,east,organic,1
102830,2025-11-09,2025-12-19,Одежда,Центр,micro,FBS,east,ads,1
102831,2026-02-07,2026-02-17,Одежда,Центр,small,FBS,west,organic,1
102832,2025-01-13,2025-01-28,Обувь,Поволжье,medium,FBS,center,partner,0
102833,2025-07-05,2025-07-31,Дом,Поволжье,micro,FBS,center,organic,0
102834,2024-05-01,2024-05-25,Товары для животных,Сибирь,large,FBS,east,ads,0
102835,2023-11-27,2023-12-12,Одежда,Сибирь,medium,FBS,west,offline_event,1
102836,2026-02-02,2026-02-16,Одежда,Москва и МО,micro,FBS,center,partner,0
102837,2024-02-23,2024-03-20,Одежда,Санкт-Петербург,small,FBO,center,organic,1
102838,2025-10-31,2025-12-20,Электроника,Поволжье,medium,FBS,center,partner,1
102839,2024-11-20,2024-11-29,Одежда,Поволжье,micro,FBO,east,offline_event,1
102840,2026-02-12,2026-02-17,Одежда,Москва и МО,micro,FBS,west,organic,1
102841,2024-06-28,2024-07-14,Одежда,Москва и МО,micro,FBS,west,organic,0
102842,2023-08-13,2023-09-19,Одежда,Юг,micro,FBS,center,referral,1
102843,2023-11-08,2023-12-16,Детские товары,Центр,small,FBO,center,organic,1
102844,2026-02-28,2026-03-18,Красота,Москва и МО,small,mixed,center,offline_event,1
102845,2023-10-08,2023-10-25,Аксессуары,Юг,small,FBS,west,organic,1
102846,2024-01-28,2024-02-20,Красота,Москва и МО,micro,FBS,east,organic,1
102847,2025-06-24,2025-07-06,Канцелярия,Сибирь,large,FBS,east,organic,0
102848,2025-03-08,2025-04-06,Дом,Дальний Восток,small,FBS,south,ads,1
102849,2025-01-15,2025-02-03,Дом,Поволжье,medium,mixed,west,ads,0
102850,2023-07-24,2023-08-23,Дом,Центр,micro,FBS,center,organic,1
102851,2025-03-09,2025-04-12,Красота,Урал,small,mixed,center,organic,0
102852,2025-03-30,2025-04-19,Детские товары,Поволжье,micro,FBS,center,organic,1
102853,2025-11-08,2025-11-26,Спорт,Санкт-Петербург,micro,FBS,east,offline_event,1
102854,2026-02-10,2026-03-18,Товары для животных,Поволжье,micro,FBS,north,organic,1
102855,2024-06-26,2024-08-21,Одежда,Дальний Восток,micro,FBS,north,organic,0
102856,2024-01-31,2024-03-07,Одежда,Санкт-Петербург,small,FBS,north,organic,0
102857,2025-03-28,2025-04-16,Товары для животных,Поволжье,small,FBO,center,referral,1
102858,2024-10-10,2024-11-10,Дом,Поволжье,medium,mixed,center,organic,1
102859,2026-01-15,2026-02-07,Красота,Москва и МО,medium,FBS,center,organic,1
102860,2025-03-26,2025-04-06,Обувь,Поволжье,small,FBO,center,partner,1
102861,2025-06-02,2025-08-24,Канцелярия,Санкт-Петербург,small,mixed,center,offline_event,1
102862,2025-06-23,2025-08-03,Канцелярия,Москва и МО,small,FBO,center,organic,1
102863,2025-05-06,2025-05-24,Одежда,Урал,micro,FBS,north,organic,1
102864,2024-07-12,2024-08-16,Спорт,Дальний Восток,medium,mixed,north,referral,1
102865,2024-08-21,2024-09-08,Обувь,Санкт-Петербург,small,FBO,center,ads,1
102866,2024-11-11,2024-11-19,Электроника,Дальний Восток,medium,FBS,north,partner,1
102867,2024-09-28,2024-10-18,Детские товары,Центр,small,FBO,north,organic,1
102868,2025-11-06,2025-12-24,Красота,Москва и МО,small,FBS,east,offline_event,1
102869,2023-11-15,2023-12-12,Одежда,Дальний Восток,micro,mixed,north,organic,1
102870,2026-03-17,2026-04-10,Спорт,Сибирь,medium,FBO,center,organic,1
102871,2023-12-19,2024-01-23,Детские товары,Поволжье,medium,FBS,east,organic,0
102872,2025-04-27,2025-05-26,Товары для животных,Центр,small,FBO,north,ads,1
102873,2024-09-19,2024-10-23,Одежда,Центр,small,FBO,south,ads,1
102874,2025-11-04,2025-11-28,Спорт,Сибирь,micro,FBS,center,referral,0
102875,2024-06-17,2024-08-05,Детские товары,Санкт-Петербург,micro,FBS,center,organic,1
102876,2026-02-04,2026-03-13,Канцелярия,Юг,small,mixed,west,ads,1
102877,2024-11-07,2024-11-17,Дом,Москва и МО,medium,FBS,center,organic,1
102878,2025-08-13,2025-10-24,Одежда,Москва и МО,small,mixed,center,organic,0
102879,2025-09-27,2025-10-29,Красота,Санкт-Петербург,micro,FBO,center,ads,1
102880,2025-07-02,2025-08-06,Обувь,Санкт-Петербург,micro,FBS,east,ads,0
102881,2025-12-07,2025-12-31,Одежда,Санкт-Петербург,large,FBS,south,organic,1
102882,2025-07-15,2025-08-11,Красота,Урал,small,FBS,east,organic,1
102883,2025-04-03,2025-05-01,Одежда,Поволжье,micro,FBS,center,partner,1
102884,2025-03-10,2025-03-25,Канцелярия,Дальний Восток,medium,FBS,center,partner,1
102885,2024-10-21,2024-11-12,Красота,Санкт-Петербург,micro,mixed,center,referral,1
102886,2024-03-26,2024-05-15,Аксессуары,Урал,micro,FBS,north,partner,0
102887,2025-03-31,2025-04-29,Электроника,Москва и МО,small,FBO,east,ads,0
102888,2023-07-06,2023-07-16,Спорт,Урал,medium,FBO,east,offline_event,1
102889,2024-04-23,2024-05-13,Дом,Поволжье,micro,FBS,north,organic,0
102890,2024-10-16,2024-11-12,Одежда,Юг,large,FBO,south,ads,1
102891,2025-05-25,2025-08-05,Одежда,Сибирь,medium,FBS,south,organic,0
102892,2024-10-09,2024-11-03,Дом,Центр,large,FBS,center,ads,0
102893,2024-12-17,2025-01-01,Одежда,Центр,small,FBS,north,referral,1
102894,2025-11-28,2025-12-17,Обувь,Москва и МО,small,FBS,center,offline_event,0
102895,2024-07-27,2024-08-09,Дом,Сибирь,micro,FBO,west,referral,1
102896,2023-12-04,2024-01-12,Одежда,Москва и МО,medium,FBS,north,offline_event,1
102897,2024-09-11,2024-10-22,Одежда,Центр,small,mixed,center,ads,1
102898,2025-09-27,2025-11-10,Красота,Санкт-Петербург,medium,FBO,south,partner,0
102899,2023-11-12,2023-11-15,Одежда,Центр,small,FBO,north,partner,0
102900,2025-09-17,2025-10-29,Электроника,Москва и МО,micro,mixed,west,ads,1
102901,2025-07-29,2025-09-11,Дом,Юг,micro,mixed,center,organic,0
102902,2024-03-06,2024-05-04,Спорт,Центр,small,FBO,west,organic,0
102903,2023-10-07,2023-12-22,Красота,Москва и МО,medium,FBS,west,organic,0
102904,2025-11-17,2025-12-24,Спорт,Поволжье,large,mixed,center,referral,1
102905,2023-08-17,2023-09-19,Красота,Центр,large,FBS,west,organic,1
102906,2024-03-30,2024-04-10,Электроника,Поволжье,micro,FBO,center,organic,1
102907,2024-05-10,2024-08-09,Товары для животных,Юг,small,FBS,south,ads,1
102908,2025-12-14,2026-01-14,Одежда,Санкт-Петербург,micro,mixed,center,referral,1
102909,2024-09-28,2024-10-16,Красота,Санкт-Петербург,large,FBS,north,ads,1
102910,2024-02-24,2024-03-26,Одежда,Поволжье,small,FBO,north,ads,0
102911,2025-06-21,2025-08-15,Спорт,Урал,micro,FBS,south,organic,1
102912,2025-07-17,2025-09-02,Канцелярия,Москва и МО,medium,FBO,south,organic,1
102913,2024-03-14,2024-04-27,Спорт,Дальний Восток,micro,FBO,center,ads,1
102914,2024-04-09,2024-06-12,Одежда,Центр,medium,FBO,center,organic,1
102915,2024-04-19,2024-07-05,Красота,Москва и МО,medium,FBS,center,offline_event,1
102916,2024-01-23,2024-03-07,Канцелярия,Центр,small,FBO,east,ads,1
102917,2024-04-30,2024-05-31,Одежда,Москва и МО,micro,FBO,west,organic,1
102918,2023-08-19,2023-08-22,Аксессуары,Центр,micro,mixed,east,offline_event,1
102919,2024-06-05,2024-07-17,Дом,Поволжье,medium,mixed,center,organic,0
102920,2024-12-20,2025-01-04,Красота,Поволжье,micro,FBS,north,partner,1
102921,2024-06-28,2024-08-02,Одежда,Сибирь,small,FBO,north,partner,1
102922,2025-01-03,2025-01-19,Электроника,Сибирь,small,mixed,south,partner,1
102923,2025-06-10,2025-08-04,Обувь,Поволжье,small,FBO,west,offline_event,1
102924,2023-08-04,2023-08-17,Дом,Центр,micro,FBO,east,organic,1
102925,2024-11-07,2024-12-21,Дом,Юг,micro,mixed,center,ads,1
102926,2024-11-10,2024-12-18,Одежда,Центр,small,FBO,center,organic,1
102927,2023-09-07,2023-09-13,Детские товары,Центр,small,FBS,south,referral,1
102928,2024-06-09,2024-06-17,Одежда,Поволжье,micro,FBO,north,organic,0
102929,2025-12-08,2025-12-30,Одежда,Санкт-Петербург,micro,FBS,south,offline_event,1
102930,2025-12-25,2026-01-03,Электроника,Москва и МО,micro,mixed,west,organic,1
102931,2025-05-07,2025-06-09,Красота,Дальний Восток,medium,FBO,east,ads,1
102932,2025-04-25,2025-07-23,Товары для животных,Санкт-Петербург,micro,FBO,east,offline_event,1
102933,2023-08-29,2023-09-29,Обувь,Центр,medium,mixed,center,organic,1
102934,2025-07-31,2025-09-08,Красота,Юг,micro,FBO,east,partner,1
102935,2024-10-07,2024-11-04,Обувь,Центр,small,FBS,west,referral,0
102936,2025-04-18,2025-05-10,Спорт,Поволжье,micro,FBO,center,ads,1
102937,2023-12-02,2023-12-04,Дом,Санкт-Петербург,medium,FBO,center,ads,1
102938,2024-05-20,2024-06-16,Аксессуары,Урал,medium,FBO,center,partner,0
102939,2024-02-01,2024-05-03,Красота,Поволжье,micro,FBO,west,ads,1
102940,2023-10-03,2023-10-08,Одежда,Москва и МО,small,FBS,center,referral,1
102941,2025-10-18,2025-10-25,Одежда,Юг,small,FBS,west,organic,1
102942,2025-07-29,2025-08-17,Одежда,Поволжье,small,mixed,center,organic,0
102943,2025-04-18,2025-05-02,Дом,Москва и МО,small,FBS,east,partner,1
102944,2024-11-02,2024-11-22,Дом,Центр,micro,FBS,west,partner,1
102945,2026-03-06,2026-03-18,Одежда,Сибирь,medium,FBO,center,ads,1
102946,2025-10-16,2025-12-05,Дом,Поволжье,micro,FBS,south,organic,1
102947,2025-04-25,2025-06-09,Электроника,Москва и МО,medium,FBO,south,organic,0
102948,2024-11-07,2024-12-03,Красота,Москва и МО,small,FBO,north,organic,1
102949,2024-12-08,2024-12-18,Дом,Москва и МО,medium,FBS,west,referral,1
102950,2023-08-03,2023-08-20,Дом,Сибирь,medium,FBS,west,partner,0
102951,2023-07-08,2023-08-06,Одежда,Юг,large,FBO,east,offline_event,1
102952,2025-12-04,2025-12-17,Канцелярия,Москва и МО,medium,FBO,south,partner,1
102953,2024-05-24,2024-08-14,Дом,Москва и МО,medium,FBS,south,organic,1
102954,2023-08-15,2023-09-01,Электроника,Москва и МО,micro,FBO,west,partner,0
102955,2024-09-10,2024-09-26,Детские товары,Санкт-Петербург,micro,FBO,center,organic,1
102956,2024-05-28,2024-06-22,Спорт,Сибирь,micro,FBS,south,partner,1
102957,2025-06-24,2025-08-01,Одежда,Юг,micro,FBO,south,partner,1
102958,2023-12-31,2024-01-21,Дом,Центр,large,FBS,south,partner,1
102959,2025-10-11,2025-10-15,Канцелярия,Москва и МО,micro,FBO,east,ads,1
102960,2025-02-21,2025-03-29,Спорт,Урал,micro,FBS,east,organic,0
102961,2025-07-10,2025-07-16,Одежда,Поволжье,medium,mixed,center,ads,0
102962,2026-03-14,2026-03-29,Спорт,Москва и МО,micro,FBS,west,offline_event,1
102963,2023-10-06,2023-10-31,Красота,Сибирь,micro,FBO,center,offline_event,1
102964,2025-04-21,2025-05-16,Одежда,Центр,micro,FBS,south,referral,1
102965,2024-05-05,2024-06-24,Товары для животных,Москва и МО,micro,FBO,west,organic,0
102966,2024-07-08,2024-08-18,Одежда,Санкт-Петербург,micro,FBS,east,organic,1
102967,2024-06-09,2024-06-26,Одежда,Урал,medium,mixed,east,referral,0
102968,2024-03-23,2024-04-11,Электроника,Москва и МО,micro,mixed,south,offline_event,0
102969,2024-04-09,2024-04-26,Красота,Поволжье,micro,FBO,south,offline_event,1
102970,2025-04-25,2025-06-01,Красота,Москва и МО,small,mixed,west,ads,1
102971,2024-06-14,2024-07-24,Одежда,Центр,medium,FBS,west,referral,1
102972,2024-04-28,2024-05-21,Канцелярия,Центр,small,FBO,center,ads,1
102973,2025-05-17,2025-06-15,Одежда,Поволжье,medium,FBS,south,organic,0
102974,2025-12-16,2026-02-01,Дом,Москва и МО,micro,FBO,south,offline_event,1
102975,2024-07-04,2024-07-18,Товары для животных,Москва и МО,small,FBS,center,referral,1
102976,2025-04-15,2025-05-09,Товары для животных,Москва и МО,small,FBS,east,ads,1
102977,2025-03-10,2025-04-18,Аксессуары,Урал,micro,mixed,west,offline_event,0
102978,2024-12-23,2025-01-25,Спорт,Поволжье,small,FBO,north,partner,1
102979,2024-11-29,2024-12-20,Красота,Москва и МО,small,FBO,north,ads,1
102980,2026-02-10,2026-03-02,Аксессуары,Москва и МО,medium,FBS,west,organic,1
102981,2024-07-23,2024-08-22,Детские товары,Поволжье,medium,FBO,center,organic,1
102982,2024-10-01,2024-10-21,Электроника,Санкт-Петербург,medium,FBO,west,partner,1
102983,2024-04-21,2024-05-23,Спорт,Москва и МО,micro,FBO,center,partner,1
102984,2024-09-07,2024-10-14,Аксессуары,Санкт-Петербург,micro,mixed,east,ads,1
102985,2025-08-01,2025-09-11,Спорт,Сибирь,micro,FBO,west,referral,0
102986,2025-12-20,2026-02-02,Одежда,Москва и МО,medium,FBS,center,ads,1
102987,2026-01-06,2026-02-24,Дом,Москва и МО,micro,FBS,east,ads,0
102988,2025-09-26,2025-10-13,Одежда,Юг,micro,FBO,north,organic,0
102989,2023-09-22,2023-09-30,Одежда,Центр,micro,mixed,north,ads,0
102990,2023-10-13,2023-10-27,Детские товары,Москва и МО,micro,FBO,south,offline_event,1
102991,2024-03-18,2024-03-26,Спорт,Дальний Восток,micro,FBS,center,organic,1
102992,2025-12-07,2026-01-05,Канцелярия,Москва и МО,micro,FBO,east,organic,1
102993,2025-01-14,2025-02-23,Красота,Москва и МО,micro,FBS,south,organic,0
102994,2025-07-03,2025-08-28,Товары для животных,Санкт-Петербург,medium,FBS,north,referral,1
102995,2025-09-03,2025-09-27,Красота,Москва и МО,small,FBS,south,organic,0
102996,2025-08-13,2025-09-17,Одежда,Москва и МО,micro,FBO,center,ads,0
102997,2025-08-14,2025-10-19,Детские товары,Юг,medium,FBS,north,offline_event,1
102998,2024-04-20,2024-05-14,Красота,Урал,micro,FBS,north,referral,1
102999,2024-01-24,2024-02-20,Канцелярия,Центр,large,FBS,center,organic,1
103000,2026-01-02,2026-03-23,Одежда,Сибирь,small,FBS,south,partner,0
